host,path,kind,rule,first_seen,last_seen,statuses,last_status,captures,sources,gsc_clicks,gsc_impressions
@,/,page,home,2020-09-20T10:57:19Z,2026-08-23T03:37:10Z,-|200|301|403,301,43,cdx,,
@,/.well-known/ai-plugin.json,system,platform-path,2024-06-24T15:42:37Z,2024-08-07T22:55:38Z,404,404,2,cdx,,
@,/.well-known/assetlinks.json,system,platform-path,2024-06-24T15:45:34Z,2024-08-07T09:22:12Z,404,404,2,cdx,,
@,/.well-known/dnt-policy.txt,system,platform-path,2024-06-24T11:39:18Z,2024-08-07T09:38:01Z,404,404,2,cdx,,
@,/.well-known/gpc.json,system,platform-path,2024-06-24T12:07:40Z,2024-08-07T09:32:59Z,404,404,2,cdx,,
@,/.well-known/nodeinfo,system,platform-path,2024-06-24T12:42:09Z,2024-08-07T08:43:17Z,404,404,2,cdx,,
@,/.well-known/openid-configuration,system,platform-path,2024-06-24T11:33:58Z,2024-08-08T09:42:04Z,404,404,2,cdx,,
@,/.well-known/security.txt,system,platform-path,2024-06-24T11:51:43Z,2024-08-08T04:40:26Z,404,404,2,cdx,,
@,/.well-known/trust.txt,system,platform-path,2024-06-24T21:20:21Z,2024-08-07T08:38:09Z,404,404,2,cdx,,
@,/about,page,page,2022-03-25T00:00:00Z,2024-08-08T17:24:53Z,200,200,2,cdx|sitemap,,
@,/about/about-old-east-indies-art-products,page,page,2020-09-23T20:21:14Z,2021-10-23T02:16:47Z,200,200,6,cdx,,
@,/about/about-us,page,page,2020-09-20T09:52:32Z,2021-10-23T01:53:32Z,200,200,6,cdx,,
@,/account,system,platform-path,2024-06-24T15:22:35Z,2024-06-24T15:22:35Z,404,404,1,cdx,,
@,/account/login,system,platform-path,2020-09-20T10:45:35Z,2021-10-23T01:32:08Z,200,200,5,cdx,,
@,/account/register,system,platform-path,2020-09-20T11:35:22Z,2021-12-08T04:28:23Z,200,200,6,cdx,,
@,/ads.txt,system,root-file,2024-06-24T12:33:19Z,2024-08-07T08:40:23Z,404,404,2,cdx,,
@,/api,system,platform-path,2024-06-24T13:15:26Z,2024-06-24T13:15:26Z,404,404,1,cdx,,
@,/api/ui-extensions,system,platform-path,2024-06-24T16:38:49Z,2024-06-24T16:38:49Z,404,404,1,cdx,,
@,/app-ads.txt,system,root-file,2024-06-24T12:15:52Z,2024-08-07T18:55:49Z,404,404,2,cdx,,
@,/auth/protected-redirect/external,system,platform-path,2024-06-24T13:04:59Z,2024-06-24T13:04:59Z,302,302,1,cdx,,
@,/bg.jpg,asset,file-extension,2022-04-28T19:42:46Z,2022-04-28T19:42:46Z,301,301,1,cdx,,
@,/blog,blog,blog-collection,2020-09-23T19:23:44Z,2021-10-23T01:41:53Z,200,200,6,cdx,,
@,/blog/2017/04,blog,blog-listing,2021-06-17T03:13:47Z,2021-06-17T03:13:47Z,200,200,2,cdx,,
@,/blog/2017/04/hello-from-sirclo,blog,blog-entry,2020-09-27T01:06:01Z,2021-10-23T02:10:13Z,200,200,5,cdx,,
@,/blog/2017/05,blog,blog-listing,2021-06-17T03:18:07Z,2021-06-17T03:18:07Z,200,200,2,cdx,,
@,/blog/2017/05/video-post,blog,blog-entry,2020-09-21T10:37:37Z,2021-09-28T05:16:35Z,200,200,6,cdx,,
@,/cart,system,platform-path,2020-09-20T10:19:49Z,2021-10-23T01:12:32Z,200,200,5,cdx,,
@,/collection,category,store-collection,2022-04-19T00:00:00Z,2022-04-19T00:00:00Z,,,0,sitemap,,
@,/collection/antique-maps-prints,category,store-collection,2022-04-15T00:00:00Z,2022-04-15T00:00:00Z,,,0,sitemap,,
@,/collection/framed-art-works,category,store-collection,2022-04-19T00:00:00Z,2022-04-19T00:00:00Z,,,0,sitemap,,
@,/collection/framed-art-works/search-by-region,category,store-collection,2022-04-19T00:00:00Z,2022-04-19T00:00:00Z,,,0,sitemap,,
@,/collection/framed-art-works/search-by-region/bali-frames,category,store-collection,2022-04-19T00:00:00Z,2022-04-19T00:00:00Z,,,0,sitemap,,
@,/collection/framed-art-works/search-by-region/batavia-jakarta-frames,category,store-collection,2022-04-19T00:00:00Z,2022-04-19T00:00:00Z,,,0,sitemap,,
@,/collection/framed-art-works/search-by-region/indonesia-frames,category,store-collection,2022-04-19T00:00:00Z,2022-04-19T00:00:00Z,,,0,sitemap,,
@,/collection/framed-art-works/search-by-region/singapore-frames,category,store-collection,2022-04-19T00:00:00Z,2022-04-19T00:00:00Z,,,0,sitemap,,
@,/collection/framed-art-works/search-by-region/southeast-asia-frames,category,store-collection,2022-04-19T00:00:00Z,2022-04-19T00:00:00Z,,,0,sitemap,,
@,/collection/framed-art-works/search-by-theme,category,store-collection,2022-04-19T00:00:00Z,2022-04-19T00:00:00Z,,,0,sitemap,,
@,/collection/framed-art-works/search-by-theme/architectural-frames,category,store-collection,2022-04-19T00:00:00Z,2022-04-19T00:00:00Z,,,0,sitemap,,
@,/collection/framed-art-works/search-by-theme/botanical-frames,category,store-collection,2022-04-19T00:00:00Z,2022-04-19T00:00:00Z,,,0,sitemap,,
@,/collection/framed-art-works/search-by-theme/flora-fauna-frames,category,store-collection,2022-04-19T00:00:00Z,2022-04-19T00:00:00Z,,,0,sitemap,,
@,/collection/framed-art-works/search-by-theme/inhabitants-frames,category,store-collection,2022-04-19T00:00:00Z,2022-04-19T00:00:00Z,,,0,sitemap,,
@,/collection/framed-art-works/search-by-theme/our-best-seller-frames,category,store-collection,2022-04-19T00:00:00Z,2022-04-19T00:00:00Z,,,0,sitemap,,
@,/collection/framed-art-works/search-by-theme/photograph-frames,category,store-collection,2022-04-19T00:00:00Z,2022-04-19T00:00:00Z,,,0,sitemap,,
@,/collection/framed-art-works/search-by-theme/views-landscape-frames,category,store-collection,2022-04-19T00:00:00Z,2022-04-19T00:00:00Z,,,0,sitemap,,
@,/collection/framed-art-works/search-by-theme/vintage-maps-frames,category,store-collection,2022-04-19T00:00:00Z,2022-04-19T00:00:00Z,,,0,sitemap,,
@,/collection/framed-art-works/view-all,category,store-collection,2022-04-19T00:00:00Z,2022-04-19T00:00:00Z,,,0,sitemap,,
@,/collection/limited-edition-collection,category,store-collection,2022-03-03T00:00:00Z,2022-03-03T00:00:00Z,,,0,sitemap,,
@,/collection/mounted-art-prints,category,store-collection,2022-04-09T00:00:00Z,2022-04-09T00:00:00Z,,,0,sitemap,,
@,/collection/mounted-art-prints/browse-all,category,store-collection,2022-04-05T00:00:00Z,2022-04-05T00:00:00Z,,,0,sitemap,,
@,/collection/mounted-art-prints/browse-by-region,category,store-collection,2022-04-09T00:00:00Z,2022-04-09T00:00:00Z,,,0,sitemap,,
@,/collection/mounted-art-prints/browse-by-region/australia,category,store-collection,2022-04-04T00:00:00Z,2022-04-04T00:00:00Z,,,0,sitemap,,
@,/collection/mounted-art-prints/browse-by-region/bali,category,store-collection,2022-04-19T00:00:00Z,2022-04-19T00:00:00Z,,,0,sitemap,,
@,/collection/mounted-art-prints/browse-by-region/batavia-jakarta,category,store-collection,2022-04-19T00:00:00Z,2022-04-19T00:00:00Z,,,0,sitemap,,
@,/collection/mounted-art-prints/browse-by-region/indonesia,category,store-collection,2022-04-19T00:00:00Z,2022-04-19T00:00:00Z,,,0,sitemap,,
@,/collection/mounted-art-prints/browse-by-region/singapore,category,store-collection,2022-04-19T00:00:00Z,2022-04-19T00:00:00Z,,,0,sitemap,,
@,/collection/mounted-art-prints/browse-by-region/southeast-asia,category,store-collection,2022-04-03T00:00:00Z,2022-04-03T00:00:00Z,,,0,sitemap,,
@,/collection/mounted-art-prints/browse-by-theme,category,store-collection,2022-04-09T00:00:00Z,2022-04-09T00:00:00Z,,,0,sitemap,,
@,/collection/mounted-art-prints/browse-by-theme/botanicals,category,store-collection,2022-04-19T00:00:00Z,2022-04-19T00:00:00Z,,,0,sitemap,,
@,/collection/mounted-art-prints/browse-by-theme/buildings-architectural,category,store-collection,2022-04-09T00:00:00Z,2022-04-09T00:00:00Z,,,0,sitemap,,
@,/collection/mounted-art-prints/browse-by-theme/flora-fauna,category,store-collection,2022-04-09T00:00:00Z,2022-04-09T00:00:00Z,,,0,sitemap,,
@,/collection/mounted-art-prints/browse-by-theme/inhabitants,category,store-collection,2022-04-09T00:00:00Z,2022-04-09T00:00:00Z,,,0,sitemap,,
@,/collection/mounted-art-prints/browse-by-theme/limited-edition-collection,category,store-collection,2022-04-09T00:00:00Z,2022-04-09T00:00:00Z,,,0,sitemap,,
@,/collection/mounted-art-prints/browse-by-theme/old-vintage-maps,category,store-collection,2022-04-09T00:00:00Z,2022-04-09T00:00:00Z,,,0,sitemap,,
@,/collection/mounted-art-prints/browse-by-theme/our-pick-best-sellers,category,store-collection,2022-04-09T00:00:00Z,2022-04-09T00:00:00Z,,,0,sitemap,,
@,/collection/mounted-art-prints/browse-by-theme/photographs,category,store-collection,2022-04-09T00:00:00Z,2022-04-09T00:00:00Z,,,0,sitemap,,
@,/collection/mounted-art-prints/browse-by-theme/views-landscapes,category,store-collection,2022-04-09T00:00:00Z,2022-04-09T00:00:00Z,,,0,sitemap,,
@,/collection/posters,category,store-collection,2022-03-31T00:00:00Z,2022-03-31T00:00:00Z,,,0,sitemap,,
@,/collection/posters/all-posters,category,store-collection,2022-04-19T00:00:00Z,2022-04-19T00:00:00Z,,,0,sitemap,,
@,/collection/posters/posters-by-region,category,store-collection,2022-04-19T00:00:00Z,2022-04-19T00:00:00Z,,,0,sitemap,,
@,/collection/posters/posters-by-theme,category,store-collection,2022-04-19T00:00:00Z,2022-04-19T00:00:00Z,,,0,sitemap,,
@,/config,system,platform-path,2024-06-24T13:04:59Z,2024-06-24T13:04:59Z,302,302,1,cdx,,
@,/contact,page,page,2020-09-20T11:02:41Z,2024-08-07T11:06:11Z,200,200,7,cdx|sitemap,,
@,/favicon.ico,asset,file-extension,2022-03-25T02:34:43Z,2024-09-13T05:37:43Z,200|301|307,307,9,cdx,,
@,/framed-art-works,category,override,2022-04-20T00:00:00Z,2023-03-04T06:40:17Z,-,-,1,cdx|sitemap,,
@,/framed-art-works/search-by-region,category,override,2022-04-20T00:00:00Z,2022-04-20T00:00:00Z,,,0,sitemap,,
@,/framed-art-works/search-by-theme,category,override,2022-05-31T00:00:00Z,2022-05-31T00:00:00Z,,,0,sitemap,,
@,/help/faq,page,page,2020-09-27T05:21:15Z,2021-10-23T02:32:31Z,200,200,5,cdx,,
@,/help/how-to-order,page,page,2020-09-20T11:51:39Z,2021-12-08T04:25:53Z,200,200,7,cdx,,
@,/home,page,page,2023-11-17T00:00:00Z,2023-11-17T00:00:00Z,,,0,sitemap,,
@,/legal/privacy-policy,page,page,2020-09-21T09:31:23Z,2021-10-23T01:41:15Z,200,200,6,cdx,,
@,/legal/terms-of-use,page,page,2020-09-21T09:33:52Z,2021-10-23T01:43:46Z,200,200,7,cdx,,
@,/lookbook/categories,blog,blog-listing,2020-09-23T18:38:28Z,2021-07-24T07:15:20Z,200,200,2,cdx,,
@,/lookbook/category/archipelago,blog,blog-listing,2020-09-21T10:31:19Z,2021-10-23T02:25:46Z,200,200,6,cdx,,
@,/lookbook/category/claritas-est-etiam-processus,blog,blog-listing,2020-09-23T19:58:17Z,2021-10-23T02:00:10Z,200,200,6,cdx,,
@,/lookbook/category/puree,blog,blog-listing,2020-09-27T04:09:51Z,2021-10-23T01:47:26Z,200,200,5,cdx,,
@,/lookbook/category/sequitur-mutationem-consuetudium,blog,blog-listing,2020-09-27T04:25:54Z,2021-10-23T01:54:46Z,200,200,5,cdx,,
@,/mounted-art-prints,category,override,2022-04-05T00:00:00Z,2023-03-04T06:40:17Z,-,-,1,cdx|sitemap,,
@,/mounted-art-prints/browse-by-region,category,override,2022-04-03T00:00:00Z,2022-04-03T00:00:00Z,,,0,sitemap,,
@,/mounted-art-prints/browse-by-theme,category,override,2022-04-09T00:00:00Z,2022-04-09T00:00:00Z,,,0,sitemap,,
@,/our-collection,category,store-collection,2022-04-19T00:00:00Z,2022-04-19T00:00:00Z,,,0,sitemap,,
@,/our-collection/framed-artworks,category,store-collection,2023-08-12T00:00:00Z,2023-08-12T00:00:00Z,,,0,sitemap,,
@,/our-collection/framed-artworks/search-by-region,category,store-collection,2023-08-12T00:00:00Z,2023-08-12T00:00:00Z,,,0,sitemap,,
@,/our-collection/framed-artworks/search-by-region/australia-frames,category,store-collection,2022-08-07T00:00:00Z,2022-08-07T00:00:00Z,,,0,sitemap,,
@,/our-collection/framed-artworks/search-by-region/bali-frames,category,store-collection,2023-08-12T00:00:00Z,2023-08-12T00:00:00Z,,,0,sitemap,,
@,/our-collection/framed-artworks/search-by-region/batavia-jakarta-frames,category,store-collection,2023-05-16T00:00:00Z,2023-05-16T00:00:00Z,,,0,sitemap,,
@,/our-collection/framed-artworks/search-by-region/indonesia-frames,category,store-collection,2023-06-16T00:00:00Z,2023-06-16T00:00:00Z,,,0,sitemap,,
@,/our-collection/framed-artworks/search-by-region/singapore-frames,category,store-collection,2023-07-08T00:00:00Z,2023-07-08T00:00:00Z,,,0,sitemap,,
@,/our-collection/framed-artworks/search-by-region/southeast-asia-frames,category,store-collection,2023-05-16T00:00:00Z,2023-05-16T00:00:00Z,,,0,sitemap,,
@,/our-collection/framed-artworks/search-by-theme,category,store-collection,2023-08-12T00:00:00Z,2023-08-12T00:00:00Z,,,0,sitemap,,
@,/our-collection/framed-artworks/search-by-theme/architectural-frames,category,store-collection,2023-07-08T00:00:00Z,2023-07-08T00:00:00Z,,,0,sitemap,,
@,/our-collection/framed-artworks/search-by-theme/botanical-frames,category,store-collection,2023-01-28T00:00:00Z,2023-01-28T00:00:00Z,,,0,sitemap,,
@,/our-collection/framed-artworks/search-by-theme/flora-fauna-frames,category,store-collection,2023-06-16T00:00:00Z,2023-06-16T00:00:00Z,,,0,sitemap,,
@,/our-collection/framed-artworks/search-by-theme/inhabitant-frames,category,store-collection,2023-08-12T00:00:00Z,2023-08-12T00:00:00Z,,,0,sitemap,,
@,/our-collection/framed-artworks/search-by-theme/our-best-seller-frames,category,store-collection,2023-08-12T00:00:00Z,2023-08-12T00:00:00Z,,,0,sitemap,,
@,/our-collection/framed-artworks/search-by-theme/views-landscape-frames,category,store-collection,2023-06-16T00:00:00Z,2023-06-16T00:00:00Z,,,0,sitemap,,
@,/our-collection/framed-artworks/search-by-theme/vintage-map-frames,category,store-collection,2023-08-12T00:00:00Z,2023-08-12T00:00:00Z,,,0,sitemap,,
@,/our-collection/framed-artworks/view-all-frames,category,store-collection,2023-08-12T00:00:00Z,2023-08-12T00:00:00Z,,,0,sitemap,,
@,/our-collection/limited-edition-collection,category,store-collection,2023-03-04T06:40:16Z,2023-05-16T00:00:00Z,200,200,1,cdx|sitemap,,
@,/our-collection/mounted-art-prints,category,store-collection,2023-08-12T00:00:00Z,2023-08-12T00:00:00Z,,,0,sitemap,,
@,/our-collection/mounted-art-prints/browse-all,category,store-collection,2023-08-12T00:00:00Z,2023-08-12T00:00:00Z,,,0,sitemap,,
@,/our-collection/mounted-art-prints/browse-by-region,category,store-collection,2023-08-12T00:00:00Z,2023-08-12T00:00:00Z,,,0,sitemap,,
@,/our-collection/mounted-art-prints/browse-by-region/australia,category,store-collection,2022-08-07T00:00:00Z,2022-08-07T00:00:00Z,,,0,sitemap,,
@,/our-collection/mounted-art-prints/browse-by-region/bali,category,store-collection,2023-08-12T00:00:00Z,2023-08-12T00:00:00Z,,,0,sitemap,,
@,/our-collection/mounted-art-prints/browse-by-region/batavia-jakarta,category,store-collection,2023-01-28T00:00:00Z,2023-01-28T00:00:00Z,,,0,sitemap,,
@,/our-collection/mounted-art-prints/browse-by-region/indonesia,category,store-collection,2023-06-16T00:00:00Z,2023-06-16T00:00:00Z,,,0,sitemap,,
@,/our-collection/mounted-art-prints/browse-by-region/singapore,category,store-collection,2023-07-08T00:00:00Z,2023-07-08T00:00:00Z,,,0,sitemap,,
@,/our-collection/mounted-art-prints/browse-by-region/southeast-asia,category,store-collection,2023-03-11T00:00:00Z,2023-03-11T00:00:00Z,,,0,sitemap,,
@,/our-collection/mounted-art-prints/browse-by-theme,category,store-collection,2023-08-12T00:00:00Z,2023-08-12T00:00:00Z,,,0,sitemap,,
@,/our-collection/mounted-art-prints/browse-by-theme/botanicals,category,store-collection,2023-01-28T00:00:00Z,2023-01-28T00:00:00Z,,,0,sitemap,,
@,/our-collection/mounted-art-prints/browse-by-theme/buildings-architectural,category,store-collection,2023-07-08T00:00:00Z,2023-07-08T00:00:00Z,,,0,sitemap,,
@,/our-collection/mounted-art-prints/browse-by-theme/flora-fauna,category,store-collection,2023-01-28T00:00:00Z,2023-01-28T00:00:00Z,,,0,sitemap,,
@,/our-collection/mounted-art-prints/browse-by-theme/inhabitants,category,store-collection,2023-08-12T00:00:00Z,2023-08-12T00:00:00Z,,,0,sitemap,,
@,/our-collection/mounted-art-prints/browse-by-theme/limited-edition,category,store-collection,2022-04-19T00:00:00Z,2022-04-19T00:00:00Z,,,0,sitemap,,
@,/our-collection/mounted-art-prints/browse-by-theme/old-vintage-maps,category,store-collection,2023-08-12T00:00:00Z,2023-08-12T00:00:00Z,,,0,sitemap,,
@,/our-collection/mounted-art-prints/browse-by-theme/our-pick-best-sellers,category,store-collection,2023-08-12T00:00:00Z,2023-08-12T00:00:00Z,,,0,sitemap,,
@,/our-collection/mounted-art-prints/browse-by-theme/photographs,category,store-collection,2023-06-10T00:00:00Z,2023-06-10T00:00:00Z,,,0,sitemap,,
@,/our-collection/mounted-art-prints/browse-by-theme/views-landscapes,category,store-collection,2023-06-16T00:00:00Z,2023-06-16T00:00:00Z,,,0,sitemap,,
@,/our-collection/p/arja-dancer-with-headdress-framed,product,store-product,2024-05-23T00:00:00Z,2024-05-23T00:00:00Z,,,0,sitemap,,
@,/our-collection/p/arja-dancer-with-headdress-year-1940-greeting-card-with-envelope,product,store-product,2023-01-20T00:00:00Z,2023-01-20T00:00:00Z,,,0,sitemap,,
@,/our-collection/p/asia-by-mercator-referring-to-marco-polos-travel,product,store-product,2022-11-14T06:12:05Z,2022-11-14T06:12:05Z,200,200,1,cdx,,
@,/our-collection/p/asian-elephant-year-1849,product,store-product,2024-05-23T00:00:00Z,2024-05-23T00:00:00Z,,,0,sitemap,,
@,/our-collection/p/asian-elephant-year-1849-framed,product,store-product,2024-05-23T00:00:00Z,2024-05-23T00:00:00Z,,,0,sitemap,,
@,/our-collection/p/asian-one-horned-rhinoceros-year-1849,product,store-product,2024-05-23T00:00:00Z,2024-05-23T00:00:00Z,,,0,sitemap,,
@,/our-collection/p/asian-one-horned-rhinoceros-year-1849-framed,product,store-product,2024-05-23T00:00:00Z,2024-05-23T00:00:00Z,,,0,sitemap,,
@,/our-collection/p/asian-or-malayan-tapir-year-1849,product,store-product,2024-05-23T00:00:00Z,2024-05-23T00:00:00Z,,,0,sitemap,,
@,/our-collection/p/asian-or-malayan-tapir-year-1849-framed,product,store-product,2024-05-23T00:00:00Z,2024-05-23T00:00:00Z,,,0,sitemap,,
@,/our-collection/p/australian-wombat,product,store-product,2024-05-23T00:00:00Z,2024-05-23T00:00:00Z,,,0,sitemap,,
@,/our-collection/p/bali-banten-tegeh-offerings-year-1939,product,store-product,2024-05-23T00:00:00Z,2024-05-23T00:00:00Z,,,0,sitemap,,
@,/our-collection/p/bali-banten-tegeh-offerings-year-1939-framed,product,store-product,2024-05-23T00:00:00Z,2024-05-23T00:00:00Z,,,0,sitemap,,
@,/our-collection/p/bali-food-offerings-year-1939,product,store-product,2024-05-23T00:00:00Z,2024-05-23T00:00:00Z,,,0,sitemap,,
@,/our-collection/p/bali-food-offerings-year-1939-framed,product,store-product,2024-05-23T00:00:00Z,2024-05-23T00:00:00Z,,,0,sitemap,,
@,/our-collection/p/bali-hotel-poster-showing-offerings-year-1949,product,store-product,2024-05-23T00:00:00Z,2024-05-23T00:00:00Z,,,0,sitemap,,
@,/our-collection/p/bali-hotel-poster-showing-offerings-year-1949-framed,product,store-product,2024-05-23T00:00:00Z,2024-05-23T00:00:00Z,,,0,sitemap,,
@,/our-collection/p/bali-island-dutch-map-year-1849,product,store-product,2024-05-23T00:00:00Z,2024-05-23T00:00:00Z,,,0,sitemap,,
@,/our-collection/p/bali-island-dutch-map-year-1849-framed,product,store-product,2024-05-23T00:00:00Z,2024-05-23T00:00:00Z,,,0,sitemap,,
@,/our-collection/p/bali-island-map-circa-1592,product,store-product,2024-05-23T00:00:00Z,2024-05-23T00:00:00Z,,,0,sitemap,,
@,/our-collection/p/bali-island-map-circa-1592-framed,product,store-product,2024-05-23T00:00:00Z,2024-05-23T00:00:00Z,,,0,sitemap,,
@,/our-collection/p/bali-island-pictorial-map-year-1951,product,store-product,2024-05-23T00:00:00Z,2024-05-23T00:00:00Z,,,0,sitemap,,
@,/our-collection/p/bali-island-pictorial-map-year-1951-framed,product,store-product,2024-05-23T00:00:00Z,2024-05-23T00:00:00Z,,,0,sitemap,,
@,/our-collection/p/bali-offerings-in-temple,product,store-product,2024-05-23T00:00:00Z,2024-05-23T00:00:00Z,,,0,sitemap,,
@,/our-collection/p/bali-offerings-in-temple-framed,product,store-product,2024-05-23T00:00:00Z,2024-05-23T00:00:00Z,,,0,sitemap,,
@,/our-collection/p/bali-street-seller-year-1939,product,store-product,2024-05-23T00:00:00Z,2024-05-23T00:00:00Z,,,0,sitemap,,
@,/our-collection/p/bali-street-seller-year-1939-framed,product,store-product,2024-05-23T00:00:00Z,2024-05-23T00:00:00Z,,,0,sitemap,,
@,/our-collection/p/balinese-arja-dancer-year-1940,product,store-product,2024-05-23T00:00:00Z,2024-05-23T00:00:00Z,,,0,sitemap,,
@,/our-collection/p/balinese-child-circa-1942,product,store-product,2024-05-23T00:00:00Z,2024-05-23T00:00:00Z,,,0,sitemap,,
@,/our-collection/p/balinese-child-circa-1942-framed,product,store-product,2024-05-23T00:00:00Z,2024-05-23T00:00:00Z,,,0,sitemap,,
@,/our-collection/p/balinese-dancer-movie-poster-year-1937,product,store-product,2024-05-23T00:00:00Z,2024-05-23T00:00:00Z,,,0,sitemap,,
@,/our-collection/p/balinese-dancer-movie-poster-year-1937-framed,product,store-product,2024-05-23T00:00:00Z,2024-05-23T00:00:00Z,,,0,sitemap,,
@,/our-collection/p/balinese-girl-in-denpasar-bali-framed,product,store-product,2024-05-23T00:00:00Z,2024-05-23T00:00:00Z,,,0,sitemap,,
@,/our-collection/p/balinese-girl-in-denpasar-bali-year-1938,product,store-product,2024-05-23T00:00:00Z,2024-05-23T00:00:00Z,,,0,sitemap,,
@,/our-collection/p/balinese-girl-ni-kenyung-year-1938,product,store-product,2024-05-23T00:00:00Z,2024-05-23T00:00:00Z,,,0,sitemap,,
@,/our-collection/p/balinese-girl-with-headress-photograph-circa-1920,product,store-product,2024-05-23T00:00:00Z,2024-05-23T00:00:00Z,,,0,sitemap,,
@,/our-collection/p/balinese-girl-with-headress-photograph-circa-1920-framed,product,store-product,2024-05-23T00:00:00Z,2024-05-23T00:00:00Z,,,0,sitemap,,
@,/our-collection/p/balinese-girls-in-costume-framed,product,store-product,2024-05-23T00:00:00Z,2024-05-23T00:00:00Z,,,0,sitemap,,
@,/our-collection/p/balinese-girls-making-offerings-framed,product,store-product,2024-05-23T00:00:00Z,2024-05-23T00:00:00Z,,,0,sitemap,,
@,/our-collection/p/balinese-maidens-in-garden-circa-1950,product,store-product,2024-05-23T00:00:00Z,2024-05-23T00:00:00Z,,,0,sitemap,,
@,/our-collection/p/balinese-maidens-in-garden-circa-1950-framed,product,store-product,2024-05-23T00:00:00Z,2024-05-23T00:00:00Z,,,0,sitemap,,
@,/our-collection/p/balinese-maidens-in-garden-circa-1950-framed-1,product,store-product,2024-05-23T00:00:00Z,2024-05-23T00:00:00Z,,,0,sitemap,,
@,/our-collection/p/balinese-man-in-temple-framed,product,store-product,2024-05-23T00:00:00Z,2024-05-23T00:00:00Z,,,0,sitemap,,
@,/our-collection/p/balinese-man-in-temple-year-1942,product,store-product,2024-05-23T00:00:00Z,2024-05-23T00:00:00Z,,,0,sitemap,,
@,/our-collection/p/balinese-meru-tower-temple,product,store-product,2024-05-23T00:00:00Z,2024-05-23T00:00:00Z,,,0,sitemap,,
@,/our-collection/p/balinese-meru-tower-temple-framed,product,store-product,2024-05-23T00:00:00Z,2024-05-23T00:00:00Z,,,0,sitemap,,
@,/our-collection/p/balinese-pregnant-girl-year-1947,product,store-product,2024-05-23T00:00:00Z,2024-05-23T00:00:00Z,,,0,sitemap,,
@,/our-collection/p/balinese-pregnant-girl-year-1947-framed,product,store-product,2024-05-23T00:00:00Z,2024-05-23T00:00:00Z,,,0,sitemap,,
@,/our-collection/p/balinese-temple-entrance-gates-year-1938,product,store-product,2024-05-23T00:00:00Z,2024-05-23T00:00:00Z,,,0,sitemap,,
@,/our-collection/p/balinese-temple-entrance-gates-year-1938-framed,product,store-product,2024-05-23T00:00:00Z,2024-05-23T00:00:00Z,,,0,sitemap,,
@,/our-collection/p/balinese-traditional-ceremony-year-1949,product,store-product,2024-05-23T00:00:00Z,2024-05-23T00:00:00Z,,,0,sitemap,,
@,/our-collection/p/balinese-traditional-ceremony-year-1949-framed,product,store-product,2024-05-23T00:00:00Z,2024-05-23T00:00:00Z,,,0,sitemap,,
@,/our-collection/p/balinese-winged-lion-year-1946,product,store-product,2024-05-23T00:00:00Z,2024-05-23T00:00:00Z,,,0,sitemap,,
@,/our-collection/p/balinese-winged-lion-year-1946-greeting-card,product,store-product,2023-01-20T00:00:00Z,2023-01-20T00:00:00Z,,,0,sitemap,,
@,/our-collection/p/balinese-woman-meditating-year-1938,product,store-product,2024-05-23T00:00:00Z,2024-05-23T00:00:00Z,,,0,sitemap,,
@,/our-collection/p/balinese-woman-meditating-year-1938-framed,product,store-product,2024-05-23T00:00:00Z,2024-05-23T00:00:00Z,,,0,sitemap,,
@,/our-collection/p/balinese-woman-sitting-year-1946,product,store-product,2024-05-23T00:00:00Z,2024-05-23T00:00:00Z,,,0,sitemap,,
@,/our-collection/p/balinese-woman-sitting-year-1946-framed,product,store-product,2024-05-23T00:00:00Z,2024-05-23T00:00:00Z,,,0,sitemap,,
@,/our-collection/p/banana-fruit,product,store-product,2024-05-23T00:00:00Z,2024-05-23T00:00:00Z,,,0,sitemap,,
@,/our-collection/p/banana-fruit-year-1863-framed,product,store-product,2024-05-23T00:00:00Z,2024-05-23T00:00:00Z,,,0,sitemap,,
@,/our-collection/p/banded-hare-wallaby-year-1807,product,store-product,2024-05-23T00:00:00Z,2024-05-23T00:00:00Z,,,0,sitemap,,
@,/our-collection/p/bathing-people-in-indonesia,product,store-product,2024-05-23T00:00:00Z,2024-05-23T00:00:00Z,,,0,sitemap,,
@,/our-collection/p/borobudur-by-night-circa-1920-framed,product,store-product,2024-05-23T00:00:00Z,2024-05-23T00:00:00Z,,,0,sitemap,,
@,/our-collection/p/borobudur-stupa-circa-1920-framed,product,store-product,2024-05-23T00:00:00Z,2024-05-23T00:00:00Z,,,0,sitemap,,
@,/our-collection/p/borobudur-temple-circa-1920-framed,product,store-product,2024-05-23T00:00:00Z,2024-05-23T00:00:00Z,,,0,sitemap,,
@,/our-collection/p/borobudur-temple-indonesia,product,store-product,2024-05-23T00:00:00Z,2024-05-23T00:00:00Z,,,0,sitemap,,
@,/our-collection/p/borobudur-temple-indonesia-framed,product,store-product,2024-05-23T00:00:00Z,2024-05-23T00:00:00Z,,,0,sitemap,,
@,/our-collection/p/borobudur-upper-terrace-circa-1920-framed,product,store-product,2024-05-23T00:00:00Z,2024-05-23T00:00:00Z,,,0,sitemap,,
@,/our-collection/p/cassowary-bird-year-1849,product,store-product,2024-05-23T00:00:00Z,2024-05-23T00:00:00Z,,,0,sitemap,,
@,/our-collection/p/cassowary-bird-year-1849-framed,product,store-product,2024-05-23T00:00:00Z,2024-05-23T00:00:00Z,,,0,sitemap,,
@,/our-collection/p/chinatown-glodok-batavia,product,store-product,2024-05-23T00:00:00Z,2024-05-23T00:00:00Z,,,0,sitemap,,
@,/our-collection/p/christmas-star,product,store-product,2024-05-23T00:00:00Z,2024-05-23T00:00:00Z,,,0,sitemap,,
@,/our-collection/p/city-hall-fatahillah-batavia,product,store-product,2024-05-23T00:00:00Z,2024-05-23T00:00:00Z,,,0,sitemap,,
@,/our-collection/p/coffee-harvest-indonesia-year-1883,product,store-product,2024-05-23T00:00:00Z,2024-05-23T00:00:00Z,,,0,sitemap,,
@,/our-collection/p/coffee-plantation-indonesia,product,store-product,2024-05-23T00:00:00Z,2024-06-22T15:46:01Z,200,200,1,cdx|sitemap,,
@,/our-collection/p/dancers-in-bali-by-le-mayeur-circa-1952,product,store-product,2024-05-23T00:00:00Z,2024-05-23T00:00:00Z,,,0,sitemap,,
@,/our-collection/p/dancers-in-bali-by-le-mayeur-circa-1952-framed,product,store-product,2024-05-23T00:00:00Z,2024-05-23T00:00:00Z,,,0,sitemap,,
@,/our-collection/p/dieng-plateau-indonesia-year-1852,product,store-product,2024-05-23T00:00:00Z,2024-05-23T00:00:00Z,,,0,sitemap,,
@,/our-collection/p/dieng-plateau-indonesia-year-1852-framed,product,store-product,2024-05-23T00:00:00Z,2024-05-23T00:00:00Z,,,0,sitemap,,
@,/our-collection/p/dinner-gathering-in-indonesia-circa-1870,product,store-product,2024-05-23T00:00:00Z,2024-05-23T00:00:00Z,,,0,sitemap,,
@,/our-collection/p/dinner-gathering-in-indonesia-circa-1870-framed,product,store-product,2024-05-23T00:00:00Z,2024-05-23T00:00:00Z,,,0,sitemap,,
@,/our-collection/p/durian-king-of-fruits,product,store-product,2024-05-23T00:00:00Z,2024-05-23T00:00:00Z,,,0,sitemap,,
@,/our-collection/p/durian-king-of-fruits-framed,product,store-product,2024-05-23T00:00:00Z,2024-05-23T00:00:00Z,,,0,sitemap,,
@,/our-collection/p/dwarf-emu-on-kangaroo-island,product,store-product,2024-05-23T00:00:00Z,2024-05-23T00:00:00Z,,,0,sitemap,,
@,/our-collection/p/east-indies-travel-guide-circa-1938,product,store-product,2024-05-23T00:00:00Z,2024-05-23T00:00:00Z,,,0,sitemap,,
@,/our-collection/p/east-indies-travel-guide-circa-1938-framed,product,store-product,2024-05-23T00:00:00Z,2024-05-23T00:00:00Z,,,0,sitemap,,
@,/our-collection/p/flame-of-the-forest,product,store-product,2024-05-23T00:00:00Z,2024-05-23T00:00:00Z,,,0,sitemap,,
@,/our-collection/p/fly-to-java-travel-poster-year-1938,product,store-product,2024-05-23T00:00:00Z,2024-05-23T00:00:00Z,,,0,sitemap,,
@,/our-collection/p/fly-to-java-travel-poster-year-1938-1,product,store-product,2024-05-23T00:00:00Z,2024-05-23T00:00:00Z,,,0,sitemap,,
@,/our-collection/p/fly-to-java-travel-poster-year-1938-framed,product,store-product,2024-05-23T00:00:00Z,2024-05-23T00:00:00Z,,,0,sitemap,,
@,/our-collection/p/fly-to-java-travel-poster-year-1938-framed-1,product,store-product,2024-05-23T00:00:00Z,2024-05-23T00:00:00Z,,,0,sitemap,,
@,/our-collection/p/forest-fire-by-raden-saleh-circa-1850,product,store-product,2024-05-23T00:00:00Z,2024-05-23T00:00:00Z,,,0,sitemap,,
@,/our-collection/p/forest-fire-by-raden-saleh-circa-1850-framed,product,store-product,2024-05-23T00:00:00Z,2024-05-23T00:00:00Z,,,0,sitemap,,
@,/our-collection/p/fullerton-hotel-singapore,product,store-product,2024-05-23T00:00:00Z,2024-05-23T00:00:00Z,,,0,sitemap,,
@,/our-collection/p/fullerton-hotel-singapre-framed,product,store-product,2024-05-23T00:00:00Z,2024-05-23T00:00:00Z,,,0,sitemap,,
@,/our-collection/p/giant-mantis-shrimp-year-1849,product,store-product,2024-05-23T00:00:00Z,2024-05-23T00:00:00Z,,,0,sitemap,,
@,/our-collection/p/giant-mantis-shrimp-year-1849-framed,product,store-product,2024-05-23T00:00:00Z,2024-05-23T00:00:00Z,,,0,sitemap,,
@,/our-collection/p/ginger-flower-year-1863,product,store-product,2024-05-23T00:00:00Z,2024-05-23T00:00:00Z,,,0,sitemap,,
@,/our-collection/p/government-hill-singapore,product,store-product,2024-05-23T00:00:00Z,2024-05-23T00:00:00Z,,,0,sitemap,,
@,/our-collection/p/government-hill-singapore-framed,product,store-product,2024-05-23T00:00:00Z,2024-05-23T00:00:00Z,,,0,sitemap,,
@,/our-collection/p/governor-general-palaca-buitenzorg,product,store-product,2024-05-23T00:00:00Z,2024-05-23T00:00:00Z,,,0,sitemap,,
@,/our-collection/p/green-crab-year-1849,product,store-product,2024-05-23T00:00:00Z,2024-05-23T00:00:00Z,,,0,sitemap,,
@,/our-collection/p/green-crab-year-1849-framed,product,store-product,2024-05-23T00:00:00Z,2024-05-23T00:00:00Z,,,0,sitemap,,
@,/our-collection/p/hearts-of-jesus-year-1863,product,store-product,2024-05-23T00:00:00Z,2024-05-23T00:00:00Z,,,0,sitemap,,
@,/our-collection/p/hermit-crab-year-1849,product,store-product,2024-05-23T00:00:00Z,2024-05-23T00:00:00Z,,,0,sitemap,,
@,/our-collection/p/hermit-crab-year-1849-framed,product,store-product,2024-05-23T00:00:00Z,2024-05-23T00:00:00Z,,,0,sitemap,,
@,/our-collection/p/hornbill-bird-chochin-china-pied,product,store-product,2024-05-23T00:00:00Z,2024-05-23T00:00:00Z,,,0,sitemap,,
@,/our-collection/p/hornbill-bird-chochin-china-pied-framed,product,store-product,2024-05-23T00:00:00Z,2024-05-23T00:00:00Z,,,0,sitemap,,
@,/our-collection/p/hornbill-bird-oriental-pied,product,store-product,2024-05-23T00:00:00Z,2024-05-23T00:00:00Z,,,0,sitemap,,
@,/our-collection/p/hornbill-bird-southern-pied,product,store-product,2024-05-23T00:00:00Z,2024-05-23T00:00:00Z,,,0,sitemap,,
@,/our-collection/p/hornbill-bird-southern-pied-framed,product,store-product,2024-05-23T00:00:00Z,2024-05-23T00:00:00Z,,,0,sitemap,,
@,/our-collection/p/indian-ocean-sea-chart-year-1680,product,store-product,2024-05-23T00:00:00Z,2024-05-23T00:00:00Z,,,0,sitemap,,
@,/our-collection/p/indian-summer-lagerstroemia-regia,product,store-product,2024-05-23T00:00:00Z,2024-05-23T00:00:00Z,,,0,sitemap,,
@,/our-collection/p/indonesia-and-clove-spice-islands,product,store-product,2024-05-23T00:00:00Z,2024-05-23T00:00:00Z,,,0,sitemap,,
@,/our-collection/p/indonesia-map-circa-1920,product,store-product,2024-05-23T00:00:00Z,2024-05-23T00:00:00Z,,,0,sitemap,,
@,/our-collection/p/indonesia-map-circa-1920-framed,product,store-product,2024-05-23T00:00:00Z,2024-05-23T00:00:00Z,,,0,sitemap,,
@,/our-collection/p/indonesian-dancer-circa-1880,product,store-product,2024-05-23T00:00:00Z,2024-05-23T00:00:00Z,,,0,sitemap,,
@,/our-collection/p/indonesian-fields-circa-1920,product,store-product,2024-05-23T00:00:00Z,2024-05-23T00:00:00Z,,,0,sitemap,,
@,/our-collection/p/indonesian-fields-circa-1920-framed,product,store-product,2024-05-23T00:00:00Z,2024-05-23T00:00:00Z,,,0,sitemap,,
@,/our-collection/p/indonesian-fields-landscape-year-1922,product,store-product,2024-05-23T00:00:00Z,2024-05-23T00:00:00Z,,,0,sitemap,,
@,/our-collection/p/indonesian-fields-landscape-year-1922-framed,product,store-product,2024-05-23T00:00:00Z,2024-05-23T00:00:00Z,,,0,sitemap,,
@,/our-collection/p/java-south-coast-malang-year-1872,product,store-product,2024-05-23T00:00:00Z,2024-05-23T00:00:00Z,,,0,sitemap,,
@,/our-collection/p/java-south-coast-malang-year-1872-1,product,store-product,2024-05-23T00:00:00Z,2024-05-23T00:00:00Z,,,0,sitemap,,
@,/our-collection/p/javanese-dancer-sabet-circa-1890,product,store-product,2024-05-23T00:00:00Z,2024-05-23T00:00:00Z,,,0,sitemap,,
@,/our-collection/p/javanese-dancer-sabet-circa-1890-framed,product,store-product,2024-05-23T00:00:00Z,2024-05-23T00:00:00Z,,,0,sitemap,,
@,/our-collection/p/javanese-dancer-speaking-circa-1890,product,store-product,2024-05-23T00:00:00Z,2024-05-23T00:00:00Z,,,0,sitemap,,
@,/our-collection/p/javanese-dancer-speaking-circa-1890-framed,product,store-product,2024-05-23T00:00:00Z,2024-05-23T00:00:00Z,,,0,sitemap,,
@,/our-collection/p/javanese-dancer-srikandi-circa-1890,product,store-product,2024-05-23T00:00:00Z,2024-05-23T00:00:00Z,,,0,sitemap,,
@,/our-collection/p/javanese-dancer-srikandi-circa-1890-framed,product,store-product,2024-05-23T00:00:00Z,2024-05-23T00:00:00Z,,,0,sitemap,,
@,/our-collection/p/jurong-river-singapore-year-1854,product,store-product,2024-05-23T00:00:00Z,2024-05-23T00:00:00Z,,,0,sitemap,,
@,/our-collection/p/king-bird-of-paradise-year-1835,product,store-product,2024-05-23T00:00:00Z,2024-05-23T00:00:00Z,,,0,sitemap,,
@,/our-collection/p/king-bird-of-paradise-year-1835-framed,product,store-product,2024-05-23T00:00:00Z,2024-05-23T00:00:00Z,,,0,sitemap,,
@,/our-collection/p/klm-travel-poster-batavia-year-1933,product,store-product,2024-05-23T00:00:00Z,2024-05-23T00:00:00Z,,,0,sitemap,,
@,/our-collection/p/klm-travel-poster-batavia-year-1933-framed,product,store-product,2024-05-23T00:00:00Z,2024-05-23T00:00:00Z,,,0,sitemap,,
@,/our-collection/p/klm-travel-poster-batavia-year-1933-large-framed,product,store-product,2024-05-23T00:00:00Z,2024-05-23T00:00:00Z,,,0,sitemap,,
@,/our-collection/p/kris-maker-in-indonesia-year-1853,product,store-product,2024-05-23T00:00:00Z,2024-05-23T00:00:00Z,,,0,sitemap,,
@,/our-collection/p/kris-maker-in-indonesia-year-1853-framed,product,store-product,2024-05-23T00:00:00Z,2024-05-23T00:00:00Z,,,0,sitemap,,
@,/our-collection/p/lobster-year-1849,product,store-product,2024-05-23T00:00:00Z,2024-05-23T00:00:00Z,,,0,sitemap,,
@,/our-collection/p/lobster-year-1849-framed,product,store-product,2024-05-23T00:00:00Z,2024-05-23T00:00:00Z,,,0,sitemap,,
@,/our-collection/p/malay-apple-year-1863,product,store-product,2024-05-23T00:00:00Z,2024-05-23T00:00:00Z,,,0,sitemap,,
@,/our-collection/p/malay-apple-year-1863-framed,product,store-product,2024-05-23T00:00:00Z,2024-05-23T00:00:00Z,,,0,sitemap,,
@,/our-collection/p/mango-fruit,product,store-product,2024-05-23T00:00:00Z,2024-05-23T00:00:00Z,,,0,sitemap,,
@,/our-collection/p/mango-fruit-year-1863-framed,product,store-product,2024-05-23T00:00:00Z,2024-05-23T00:00:00Z,,,0,sitemap,,
@,/our-collection/p/mangosteen-fruit,product,store-product,2024-05-23T00:00:00Z,2024-05-23T00:00:00Z,,,0,sitemap,,
@,/our-collection/p/mangosteen-fruit-year-1863-framed-1,product,store-product,2024-05-23T00:00:00Z,2024-05-23T00:00:00Z,,,0,sitemap,,
@,/our-collection/p/map-of-bali-island-circa-1600,product,store-product,2024-05-23T00:00:00Z,2024-05-23T00:00:00Z,,,0,sitemap,,
@,/our-collection/p/map-of-bali-island-circa-1600-framed,product,store-product,2024-05-23T00:00:00Z,2024-05-23T00:00:00Z,,,0,sitemap,,
@,/our-collection/p/map-of-bali-island-circa-1600-greeting-card,product,store-product,2023-01-20T00:00:00Z,2023-01-20T00:00:00Z,,,0,sitemap,,
@,/our-collection/p/map-of-bali-island-year-1724,product,store-product,2024-05-23T00:00:00Z,2024-05-23T00:00:00Z,,,0,sitemap,,
@,/our-collection/p/map-of-bali-island-year-1724-framed,product,store-product,2024-05-23T00:00:00Z,2024-05-23T00:00:00Z,,,0,sitemap,,
@,/our-collection/p/map-of-sydney-new-holland-year-1807,product,store-product,2024-05-23T00:00:00Z,2024-05-23T00:00:00Z,,,0,sitemap,,
@,/our-collection/p/marine-hotel-batavia,product,store-product,2024-05-23T00:00:00Z,2024-05-23T00:00:00Z,,,0,sitemap,,
@,/our-collection/p/mount-guntur-indonesia,product,store-product,2024-05-23T00:00:00Z,2024-05-23T00:00:00Z,,,0,sitemap,,
@,/our-collection/p/mount-merapi-indonesia-year-1852,product,store-product,2024-05-23T00:00:00Z,2024-05-23T00:00:00Z,,,0,sitemap,,
@,/our-collection/p/mount-sumbing-indonesia-year-1852,product,store-product,2024-05-23T00:00:00Z,2024-05-23T00:00:00Z,,,0,sitemap,,
@,/our-collection/p/mountain-road-indonesia-year-1872,product,store-product,2024-05-23T00:00:00Z,2024-05-23T00:00:00Z,,,0,sitemap,,
@,/our-collection/p/mountain-road-indonesia-year-1872-framed,product,store-product,2024-05-23T00:00:00Z,2024-05-23T00:00:00Z,,,0,sitemap,,
@,/our-collection/p/ni-kenyung-bali-year-1938,product,store-product,2024-05-23T00:00:00Z,2024-05-23T00:00:00Z,,,0,sitemap,,
@,/our-collection/p/ni-kenyung-bali-year-1938-framed,product,store-product,2024-05-23T00:00:00Z,2024-05-23T00:00:00Z,,,0,sitemap,,
@,/our-collection/p/octopus-and-squid-year-1849,product,store-product,2024-05-23T00:00:00Z,2024-05-23T00:00:00Z,,,0,sitemap,,
@,/our-collection/p/octopus-and-squid-year-1849-framed,product,store-product,2024-05-23T00:00:00Z,2024-05-23T00:00:00Z,,,0,sitemap,,
@,/our-collection/p/old-gate-pintu-besar-batavia,product,store-product,2024-05-23T00:00:00Z,2024-05-23T00:00:00Z,,,0,sitemap,,
@,/our-collection/p/orchid-tree,product,store-product,2024-05-23T00:00:00Z,2024-05-23T00:00:00Z,,,0,sitemap,,
@,/our-collection/p/oriental-pied-hornbill-bird-framed,product,store-product,2024-05-23T00:00:00Z,2024-05-23T00:00:00Z,,,0,sitemap,,
@,/our-collection/p/palace-istana-negara-batavia,product,store-product,2024-05-23T00:00:00Z,2024-05-23T00:00:00Z,,,0,sitemap,,
@,/our-collection/p/papaya-fruit-year-1863,product,store-product,2024-05-23T00:00:00Z,2024-05-23T00:00:00Z,,,0,sitemap,,
@,/our-collection/p/papaya-fruit-year-1863-framed,product,store-product,2024-05-23T00:00:00Z,2024-05-23T00:00:00Z,,,0,sitemap,,
@,/our-collection/p/pomelo-citrus-year-1863,product,store-product,2024-05-23T00:00:00Z,2024-05-23T00:00:00Z,,,0,sitemap,,
@,/our-collection/p/pomelo-citrus-year-1863-framed,product,store-product,2024-05-23T00:00:00Z,2024-05-23T00:00:00Z,,,0,sitemap,,
@,/our-collection/p/portuguese-church-batavia,product,store-product,2024-05-23T00:00:00Z,2024-05-23T00:00:00Z,,,0,sitemap,,
@,/our-collection/p/princess-pregiwa-pregiwati-circa-1890,product,store-product,2024-05-23T00:00:00Z,2024-05-23T00:00:00Z,,,0,sitemap,,
@,/our-collection/p/princess-pregiwa-pregiwati-circa-1890-framed,product,store-product,2024-05-23T00:00:00Z,2024-05-23T00:00:00Z,,,0,sitemap,,
@,/our-collection/p/raden-salehs-residence-batavia,product,store-product,2024-05-23T00:00:00Z,2024-05-23T00:00:00Z,,,0,sitemap,,
@,/our-collection/p/raffles-hotel-courtyard-singapore,product,store-product,2022-04-19T00:00:00Z,2022-04-19T00:00:00Z,,,0,sitemap,,
@,/our-collection/p/raffles-hotel-courtyard-singapore-framed,product,store-product,2024-05-23T00:00:00Z,2024-05-23T00:00:00Z,,,0,sitemap,,
@,/our-collection/p/raffles-hotel-facade-singapore,product,store-product,2022-04-19T00:00:00Z,2022-04-19T00:00:00Z,,,0,sitemap,,
@,/our-collection/p/raffles-hotel-facade-singapore-framed,product,store-product,2024-05-23T00:00:00Z,2024-05-23T00:00:00Z,,,0,sitemap,,
@,/our-collection/p/raffles-hotel-fountain-singapore,product,store-product,2022-04-19T00:00:00Z,2022-04-19T00:00:00Z,,,0,sitemap,,
@,/our-collection/p/raffles-hotel-fountain-singapore-framed,product,store-product,2024-05-23T00:00:00Z,2024-05-23T00:00:00Z,,,0,sitemap,,
@,/our-collection/p/raffles-hotel-luggage-label-circa-1900,product,store-product,2024-05-23T00:00:00Z,2024-05-23T00:00:00Z,,,0,sitemap,,
@,/our-collection/p/raffles-hotel-luggage-label-circa-1900-framed,product,store-product,2024-05-23T00:00:00Z,2024-05-23T00:00:00Z,,,0,sitemap,,
@,/our-collection/p/rambutan-fruit,product,store-product,2024-05-23T00:00:00Z,2024-05-23T00:00:00Z,,,0,sitemap,,
@,/our-collection/p/rambutan-fruit-year-1863-framed,product,store-product,2024-05-23T00:00:00Z,2024-05-23T00:00:00Z,,,0,sitemap,,
@,/our-collection/p/red-bird-of-paradise-year-1835,product,store-product,2024-05-23T00:00:00Z,2024-05-23T00:00:00Z,,,0,sitemap,,
@,/our-collection/p/red-bird-of-paradise-year-1835-framed,product,store-product,2022-06-20T00:00:00Z,2022-06-20T00:00:00Z,,,0,sitemap,,
@,/our-collection/p/red-cacao-year-1863,product,store-product,2024-05-23T00:00:00Z,2024-05-23T00:00:00Z,,,0,sitemap,,
@,/our-collection/p/red-cacao-year-1863-framed,product,store-product,2024-05-23T00:00:00Z,2024-05-23T00:00:00Z,,,0,sitemap,,
@,/our-collection/p/rice-cake-making-year-1853,product,store-product,2024-05-23T00:00:00Z,2024-05-23T00:00:00Z,,,0,sitemap,,
@,/our-collection/p/rice-cake-making-year-1853-framed,product,store-product,2024-05-23T00:00:00Z,2024-05-23T00:00:00Z,,,0,sitemap,,
@,/our-collection/p/royal-flamboyant,product,store-product,2024-05-23T00:00:00Z,2024-05-23T00:00:00Z,,,0,sitemap,,
@,/our-collection/p/satay-seller-in-indonesia-circa-1870,product,store-product,2024-05-23T00:00:00Z,2024-05-23T00:00:00Z,,,0,sitemap,,
@,/our-collection/p/satay-seller-in-indonesia-circa-1870-framed,product,store-product,2024-05-23T00:00:00Z,2024-05-23T00:00:00Z,,,0,sitemap,,
@,/our-collection/p/scarlet-banana,product,store-product,2024-05-23T00:00:00Z,2024-05-23T00:00:00Z,,,0,sitemap,,
@,/our-collection/p/scarlet-banana-year-1863,product,store-product,2024-05-23T00:00:00Z,2024-05-23T00:00:00Z,,,0,sitemap,,
@,/our-collection/p/semeru-volcano-indonesia-year-1872,product,store-product,2024-05-23T00:00:00Z,2024-05-23T00:00:00Z,,,0,sitemap,,
@,/our-collection/p/shophouses-singapore,product,store-product,2024-05-23T00:00:00Z,2024-05-23T00:00:00Z,,,0,sitemap,,
@,/our-collection/p/shrimp-year-1849,product,store-product,2024-05-23T00:00:00Z,2024-05-23T00:00:00Z,,,0,sitemap,,
@,/our-collection/p/shrimp-year-1849-framed,product,store-product,2024-05-23T00:00:00Z,2024-05-23T00:00:00Z,,,0,sitemap,,
@,/our-collection/p/singapore-and-indonesia-map,product,store-product,2024-05-23T00:00:00Z,2024-05-23T00:00:00Z,,,0,sitemap,,
@,/our-collection/p/singapore-and-sumatra-year-1713,product,store-product,2024-05-23T00:00:00Z,2024-05-23T00:00:00Z,,,0,sitemap,,
@,/our-collection/p/singapore-boat-quay-river-circa-1890,product,store-product,2024-05-23T00:00:00Z,2024-05-23T00:00:00Z,,,0,sitemap,,
@,/our-collection/p/singapore-boat-quay-river-circa-1890-framed,product,store-product,2024-05-23T00:00:00Z,2024-05-23T00:00:00Z,,,0,sitemap,,
@,/our-collection/p/singapore-central-fire-station,product,store-product,2024-05-23T00:00:00Z,2024-05-23T00:00:00Z,,,0,sitemap,,
@,/our-collection/p/singapore-central-fire-station-1,product,store-product,2024-05-23T00:00:00Z,2024-05-23T00:00:00Z,,,0,sitemap,,
@,/our-collection/p/singapore-chinatown-temple-street,product,store-product,2024-05-23T00:00:00Z,2024-05-23T00:00:00Z,,,0,sitemap,,
@,/our-collection/p/singapore-chinatown-temple-street-framed,product,store-product,2024-05-23T00:00:00Z,2024-05-23T00:00:00Z,,,0,sitemap,,
@,/our-collection/p/singapore-city-view,product,store-product,2022-04-19T00:00:00Z,2022-04-19T00:00:00Z,,,0,sitemap,,
@,/our-collection/p/singapore-early-views,product,store-product,2022-04-19T00:00:00Z,2022-04-19T00:00:00Z,,,0,sitemap,,
@,/our-collection/p/singapore-first-map-and-town-plan-year-1828,product,store-product,2024-05-23T00:00:00Z,2024-05-23T00:00:00Z,,,0,sitemap,,
@,/our-collection/p/singapore-first-map-and-town-plan-year-1828-framed,product,store-product,2024-05-23T00:00:00Z,2024-08-07T07:27:57Z,200,200,1,cdx|sitemap,,
@,/our-collection/p/singapore-indochinese-peninsula,product,store-product,2024-05-23T00:00:00Z,2024-05-23T00:00:00Z,,,0,sitemap,,
@,/our-collection/p/singapore-indochinese-peninsula-framed,product,store-product,2024-05-23T00:00:00Z,2024-05-23T00:00:00Z,,,0,sitemap,,
@,/our-collection/p/singapore-indochinese-peninsula-year-1687,product,store-product,2024-05-23T00:00:00Z,2024-05-23T00:00:00Z,,,0,sitemap,,
@,/our-collection/p/singapore-johnstons-clifford-pier-circa-1890,product,store-product,2024-05-23T00:00:00Z,2024-05-23T00:00:00Z,,,0,sitemap,,
@,/our-collection/p/singapore-johnstons-clifford-pier-circa-1890-framed,product,store-product,2024-05-23T00:00:00Z,2024-05-23T00:00:00Z,,,0,sitemap,,
@,/our-collection/p/singapore-map-by-raffles,product,store-product,2024-05-23T00:00:00Z,2024-05-23T00:00:00Z,,,0,sitemap,,
@,/our-collection/p/singapore-map-by-raffles-year-1839-framed,product,store-product,2024-05-23T00:00:00Z,2024-05-23T00:00:00Z,,,0,sitemap,,
@,/our-collection/p/singapore-nautical-chart-year-1847,product,store-product,2024-05-23T00:00:00Z,2024-05-23T00:00:00Z,,,0,sitemap,,
@,/our-collection/p/singapore-nautical-chart-year-1852,product,store-product,2024-05-23T00:00:00Z,2024-05-23T00:00:00Z,,,0,sitemap,,
@,/our-collection/p/singapore-nautical-chart-year-1852-framed,product,store-product,2024-05-23T00:00:00Z,2024-05-23T00:00:00Z,,,0,sitemap,,
@,/our-collection/p/singapore-north-bridge-road-circa-1890,product,store-product,2024-05-23T00:00:00Z,2024-05-23T00:00:00Z,,,0,sitemap,,
@,/our-collection/p/singapore-north-bridge-road-circa-1890-framed,product,store-product,2024-05-23T00:00:00Z,2024-05-23T00:00:00Z,,,0,sitemap,,
@,/our-collection/p/singapore-old-supreme-court,product,store-product,2024-05-23T00:00:00Z,2024-05-23T00:00:00Z,,,0,sitemap,,
@,/our-collection/p/singapore-old-supreme-court-1,product,store-product,2024-05-23T00:00:00Z,2024-05-23T00:00:00Z,,,0,sitemap,,
@,/our-collection/p/singapore-region-map,product,store-product,2023-02-02T00:00:00Z,2023-02-02T00:00:00Z,,,0,sitemap,,
@,/our-collection/p/singapore-region-map-1,product,store-product,2022-04-19T00:00:00Z,2022-04-19T00:00:00Z,,,0,sitemap,,
@,/our-collection/p/singapore-region-map-year-1687,product,store-product,2024-05-23T00:00:00Z,2024-05-23T00:00:00Z,,,0,sitemap,,
@,/our-collection/p/singapore-sea-chart,product,store-product,2024-05-23T00:00:00Z,2024-05-23T00:00:00Z,,,0,sitemap,,
@,/our-collection/p/singapore-st-andrews-cathedral-circa-1890,product,store-product,2024-05-23T00:00:00Z,2024-05-23T00:00:00Z,,,0,sitemap,,
@,/our-collection/p/singapore-st-andrews-cathedral-circa-1890-framed,product,store-product,2024-05-23T00:00:00Z,2024-05-23T00:00:00Z,,,0,sitemap,,
@,/our-collection/p/singapore-street-view,product,store-product,2022-04-19T00:00:00Z,2022-04-19T00:00:00Z,,,0,sitemap,,
@,/our-collection/p/singapore-telok-ayer-street-circa-1890,product,store-product,2024-05-23T00:00:00Z,2024-05-23T00:00:00Z,,,0,sitemap,,
@,/our-collection/p/singapore-telok-ayer-street-circa-1890-framed,product,store-product,2024-05-23T00:00:00Z,2024-05-23T00:00:00Z,,,0,sitemap,,
@,/our-collection/p/six-plumed-bird-of-paradise-year-1835,product,store-product,2024-05-23T00:00:00Z,2024-05-23T00:00:00Z,,,0,sitemap,,
@,/our-collection/p/six-plumed-bird-of-paradise-year-1835-framed,product,store-product,2024-05-23T00:00:00Z,2024-05-23T00:00:00Z,,,0,sitemap,,
@,/our-collection/p/smith-street-in-china-town-singapore,product,store-product,2024-05-23T00:00:00Z,2024-05-23T00:00:00Z,,,0,sitemap,,
@,/our-collection/p/south-boat-quay-singapore,product,store-product,2024-05-23T00:00:00Z,2024-05-23T00:00:00Z,,,0,sitemap,,
@,/our-collection/p/south-boat-quay-singapore-framed,product,store-product,2024-05-23T00:00:00Z,2024-05-23T00:00:00Z,,,0,sitemap,,
@,/our-collection/p/south-bridge-road-singapore,product,store-product,2024-05-23T00:00:00Z,2024-05-23T00:00:00Z,,,0,sitemap,,
@,/our-collection/p/southeast-asia-and-australia,product,store-product,2024-05-23T00:00:00Z,2024-05-23T00:00:00Z,,,0,sitemap,,
@,/our-collection/p/southeast-asia-english-map-year-1720-1,product,store-product,2024-05-23T00:00:00Z,2024-05-23T00:00:00Z,,,0,sitemap,,
@,/our-collection/p/southeast-asia-french-map-year-1770,product,store-product,2024-05-23T00:00:00Z,2024-05-23T00:00:00Z,,,0,sitemap,,
@,/our-collection/p/southeast-asia-french-map-year-1770-framed,product,store-product,2024-05-23T00:00:00Z,2024-05-23T00:00:00Z,,,0,sitemap,,
@,/our-collection/p/southeast-asia-map-year-1630,product,store-product,2024-05-23T00:00:00Z,2024-05-23T00:00:00Z,,,0,sitemap,,
@,/our-collection/p/southeast-asia-map-year-1630-framed,product,store-product,2024-05-23T00:00:00Z,2024-05-23T00:00:00Z,,,0,sitemap,,
@,/our-collection/p/spice-islands-indonesia-map-year-1598,product,store-product,2024-05-23T00:00:00Z,2024-05-23T00:00:00Z,,,0,sitemap,,
@,/our-collection/p/st-emmanuels-church-batavia,product,store-product,2024-05-23T00:00:00Z,2024-05-23T00:00:00Z,,,0,sitemap,,
@,/our-collection/p/star-fruit,product,store-product,2024-05-23T00:00:00Z,2024-05-23T00:00:00Z,,,0,sitemap,,
@,/our-collection/p/star-fruit-year-1863-framed,product,store-product,2024-05-23T00:00:00Z,2024-05-23T00:00:00Z,,,0,sitemap,,
@,/our-collection/p/sugar-apple-year-1863,product,store-product,2024-05-23T00:00:00Z,2024-05-23T00:00:00Z,,,0,sitemap,,
@,/our-collection/p/sugar-apple-year-1863-framed,product,store-product,2024-05-23T00:00:00Z,2024-05-23T00:00:00Z,,,0,sitemap,,
@,/our-collection/p/sultan-mosque-singapore,product,store-product,2024-05-23T00:00:00Z,2024-05-23T00:00:00Z,,,0,sitemap,,
@,/our-collection/p/sultan-mosque-singapore-framed,product,store-product,2024-05-23T00:00:00Z,2024-05-23T00:00:00Z,,,0,sitemap,,
@,/our-collection/p/sunbird-anthreptes-fraseri,product,store-product,2024-05-23T00:00:00Z,2024-05-23T00:00:00Z,,,0,sitemap,,
@,/our-collection/p/sunbird-anthreptes-hypogrammica,product,store-product,2024-05-23T00:00:00Z,2024-05-23T00:00:00Z,,,0,sitemap,,
@,/our-collection/p/sunbird-cinnyris-cyanolaemus,product,store-product,2024-05-23T00:00:00Z,2024-05-23T00:00:00Z,,,0,sitemap,,
@,/our-collection/p/sunbird-cinnyris-verticals,product,store-product,2024-05-23T00:00:00Z,2024-05-23T00:00:00Z,,,0,sitemap,,
@,/our-collection/p/sunda-straits-indonesia-year-1872,product,store-product,2024-05-23T00:00:00Z,2024-05-23T00:00:00Z,,,0,sitemap,,
@,/our-collection/p/tamarind-plant-or-tamarindus-indica-year-1693,product,store-product,2024-06-03T21:20:58Z,2024-06-03T21:20:58Z,404,404,1,cdx,,
@,/our-collection/p/tassel-vine-year-1863,product,store-product,2024-05-23T00:00:00Z,2024-05-23T00:00:00Z,,,0,sitemap,,
@,/our-collection/p/theatre-gedung-kesenian-batavia,product,store-product,2024-05-23T00:00:00Z,2024-05-23T00:00:00Z,,,0,sitemap,,
@,/our-collection/p/tiong-bahru-eng-hoon-street-framed,product,store-product,2024-05-23T00:00:00Z,2024-05-23T00:00:00Z,,,0,sitemap,,
@,/our-collection/p/tiong-bahru-moh-guan-terrace-framed,product,store-product,2024-05-23T00:00:00Z,2024-05-23T00:00:00Z,,,0,sitemap,,
@,/our-collection/p/tiong-bahru-tiong-poh-road-framed,product,store-product,2024-05-23T00:00:00Z,2024-05-23T00:00:00Z,,,0,sitemap,,
@,/our-collection/p/travellers-palm-singapor,product,store-product,2024-05-23T00:00:00Z,2024-05-23T00:00:00Z,,,0,sitemap,,
@,/our-collection/p/two-balinese-by-le-mayeur-circa-1950,product,store-product,2024-05-23T00:00:00Z,2024-05-23T00:00:00Z,,,0,sitemap,,
@,/our-collection/p/view-from-fort-canning-singapore,product,store-product,2024-05-23T00:00:00Z,2024-05-23T00:00:00Z,,,0,sitemap,,
@,/our-collection/p/view-of-batavia-year-1790,product,store-product,2024-05-23T00:00:00Z,2024-05-23T00:00:00Z,,,0,sitemap,,
@,/our-collection/p/view-of-batavia-year-1790-framed,product,store-product,2024-05-23T00:00:00Z,2024-05-23T00:00:00Z,,,0,sitemap,,
@,/our-collection/p/view-of-sydney-new-holland-year-1807,product,store-product,2024-05-23T00:00:00Z,2024-05-23T00:00:00Z,,,0,sitemap,,
@,/our-collection/p/village-by-night-indonesia-year-1872,product,store-product,2024-05-23T00:00:00Z,2024-05-23T00:00:00Z,,,0,sitemap,,
@,/our-collection/p/wayang-indra-indonesia,product,store-product,2024-05-23T00:00:00Z,2024-05-23T00:00:00Z,,,0,sitemap,,
@,/our-collection/p/woman-from-bali-circa-1946,product,store-product,2024-05-23T00:00:00Z,2024-05-23T00:00:00Z,,,0,sitemap,,
@,/our-collection/p/woman-from-bali-circa-1946-framed,product,store-product,2024-05-23T00:00:00Z,2024-05-23T00:00:00Z,,,0,sitemap,,
@,/our-collection/p/woman-in-bali-by-le-mayeur-circa-1950,product,store-product,2024-05-23T00:00:00Z,2024-05-23T00:00:00Z,,,0,sitemap,,
@,/our-collection/p/woman-in-bali-by-le-mayeur-circa-1950-framed,product,store-product,2024-05-23T00:00:00Z,2024-05-23T00:00:00Z,,,0,sitemap,,
@,/our-collection/p/women-pounding-rice-year-1853,product,store-product,2024-05-23T00:00:00Z,2024-05-23T00:00:00Z,,,0,sitemap,,
@,/our-collection/p/women-pounding-rice-year-1853-framed,product,store-product,2024-05-23T00:00:00Z,2024-05-23T00:00:00Z,,,0,sitemap,,
@,/our-collection/p/world-map-in-french,product,store-product,2024-05-23T00:00:00Z,2024-05-23T00:00:00Z,,,0,sitemap,,
@,/our-collection/posters,category,store-collection,2023-03-04T06:40:16Z,2023-05-16T00:00:00Z,200,200,1,cdx|sitemap,,
@,/our-collection/posters/all-posters,category,store-collection,2023-05-16T00:00:00Z,2023-05-16T00:00:00Z,,,0,sitemap,,
@,/our-collection/posters/posters-by-region,category,store-collection,2022-04-19T00:00:00Z,2022-04-19T00:00:00Z,,,0,sitemap,,
@,/our-collection/posters/posters-by-theme,category,store-collection,2022-04-19T00:00:00Z,2022-04-19T00:00:00Z,,,0,sitemap,,
@,/products/angel-wings---keladi-merah-softcover-notebook,product,product-path,2020-09-27T03:54:47Z,2021-10-23T01:38:41Z,200,200,5,cdx,,
@,/products/arts-building-kesenian-in-batavia-frame,product,product-path,2021-03-03T04:59:31Z,2021-10-23T01:14:56Z,200,200,4,cdx,,
@,/products/bali-hotel-advertisement-1-cardboard-frame,product,product-path,2020-09-21T10:07:24Z,2021-10-23T02:06:49Z,200,200,6,cdx,,
@,/products/bali-hotel-advertisement-2-cardboard-frame,product,product-path,2020-09-21T08:18:19Z,2021-09-28T03:26:51Z,200,200,6,cdx,,
@,/products/bali-island---year-1724-cardboard-frame,product,product-path,2020-09-23T18:43:21Z,2021-10-23T01:06:47Z,200,200,6,cdx,,
@,/products/bali-island---year-1724-hardcover-notebook,product,product-path,2021-09-28T04:52:40Z,2021-09-28T04:52:40Z,200,200,1,cdx,,
@,/products/bali-island---year-1724-softcover-notebook,product,product-path,2020-09-26T23:30:47Z,2021-10-23T00:48:32Z,200,200,5,cdx,,
@,/products/balinese-ceremony-by-le-mayeur-1-softcover-notebook,product,product-path,2020-09-27T03:44:57Z,2021-10-23T01:30:09Z,200,200,5,cdx,,
@,/products/balinese-dancer-with-flowers-frame,product,product-path,2020-09-23T18:02:42Z,2021-10-23T00:29:46Z,200,200,6,cdx,,
@,/products/balinese-dancer-with-flowers-greeting-card,product,product-path,2020-09-23T20:36:26Z,2021-10-23T02:26:11Z,200,200,6,cdx,,
@,/products/balinese-dancer-with-flowers-hardcover-notebook,product,product-path,2021-09-28T03:38:05Z,2021-10-23T01:39:56Z,200,200,2,cdx,,
@,/products/balinese-dancer-with-flowers-softcover-notebook,product,product-path,2020-09-23T18:24:44Z,2021-10-23T01:36:07Z,200,200,7,cdx,,
@,/products/balinese-offerings-ritual-frame,product,product-path,2020-09-21T08:29:35Z,2021-09-28T03:33:42Z,200,200,6,cdx,,
@,/products/balinese-offerings-ritual-greeting-cards,product,product-path,2020-09-21T10:49:54Z,2021-06-17T03:20:05Z,200,200,5,cdx,,
@,/products/balinese-offerings-ritual-softcover-notebook,product,product-path,2020-09-23T20:42:01Z,2021-10-23T02:29:40Z,200,200,6,cdx,,
@,/products/balinese-traditional-ceremony-frame,product,product-path,2021-03-03T05:52:32Z,2021-12-08T04:22:39Z,200,200,4,cdx,,
@,/products/balinese-traditional-ceremony-greeting-card,product,product-path,2020-09-26T23:37:55Z,2021-10-23T00:57:28Z,200,200,5,cdx,,
@,/products/balinese-traditional-ceremony-softcover-notebook,product,product-path,2020-09-21T08:37:43Z,2021-10-23T00:53:52Z,200,200,6,cdx,,
@,/products/bamboo-house-construction-in-indonesia---year-1883-frame,product,product-path,2021-03-03T05:15:44Z,2021-12-08T03:40:22Z,200,200,4,cdx,,
@,/products/batavia-city-plan---year-1681-frame,product,product-path,2021-03-03T05:47:13Z,2021-12-08T04:16:17Z,200,200,4,cdx,,
@,/products/batavia-city-plan-in-dutch---year-1780-cardboard-frame,product,product-path,2020-09-27T05:25:13Z,2021-07-24T08:57:58Z,200,200,4,cdx,,
@,/products/borobudur-temple-on-java-1---year-1920-cardboard-frame,product,product-path,2020-09-21T10:20:33Z,2021-10-23T02:18:24Z,200,200,6,cdx,,
@,/products/borobudur-temple-on-java-1---year-1920-frame,product,product-path,2021-03-03T05:00:58Z,2021-12-08T03:16:42Z,200,200,4,cdx,,
@,/products/borobudur-temple-on-java-2---year-1920-cardboard-frame,product,product-path,2020-09-23T18:18:18Z,2021-10-23T00:43:16Z,200,200,6,cdx,,
@,/products/borobudur-temple-on-java-2---year-1920-frame,product,product-path,2021-02-26T12:52:27Z,2021-10-23T01:54:10Z,200,200,4,cdx,,
@,/products/borobudur-temple-on-java-3---year-1920-cardboard-frame,product,product-path,2020-09-21T09:16:26Z,2021-10-23T01:30:50Z,200,200,6,cdx,,
@,/products/borobudur-temple-on-java-3---year-1920-frame,product,product-path,2021-03-03T06:08:53Z,2021-12-08T04:42:33Z,200,200,4,cdx,,
@,/products/borobudur-temple-on-java-4---year-1920-cardboard-frame,product,product-path,2020-09-27T01:00:07Z,2021-10-23T02:05:34Z,200,200,5,cdx,,
@,/products/borobudur-temple-on-java-4---year-1920-frame,product,product-path,2021-03-03T04:47:52Z,2021-12-08T02:59:28Z,200,200,4,cdx,,
@,/products/brides-girl-from-indonesia-1880-cardboard-frame,product,product-path,2020-09-26T23:50:06Z,2021-10-23T01:10:53Z,200,200,6,cdx,,
@,/products/brides-girl-from-indonesia-1880-greeting-card,product,product-path,2020-09-27T02:47:04Z,2021-10-23T00:41:26Z,200,200,5,cdx,,
@,/products/brides-girl-from-indonesia-1880-softcover-notebook,product,product-path,2020-09-27T03:42:18Z,2021-10-23T01:29:31Z,200,200,7,cdx,,
@,/products/buitenzorg---bogor-cardboard-frame,product,product-path,2020-09-27T05:12:25Z,2021-10-23T02:26:38Z,200,200,5,cdx,,
@,/products/carte-des-isles-de-java-sumatra-borneo-c-1747-bellin-cardboard-frame,product,product-path,2020-09-21T10:47:10Z,2021-09-28T05:24:08Z,200,200,4,cdx,,
@,/products/carte-des-isles-de-la-sonde-frame,product,product-path,2020-09-27T00:18:07Z,2021-10-23T01:34:50Z,200,200,5,cdx,,
@,/products/carte-generalu-de-monde-cardboard-frame,product,product-path,2020-09-27T00:00:17Z,2021-10-23T01:18:42Z,200,200,5,cdx,,
@,/products/cashew-nut---kacang-mede-cardboard-frame,product,product-path,2020-09-21T08:26:33Z,2021-09-28T03:32:45Z,200,200,6,cdx,,
@,/products/cashew-nut---kacang-mede-softcover-notebook,product,product-path,2020-09-27T01:36:57Z,2021-10-23T02:36:39Z,200,200,5,cdx,,
@,/products/category/cardboard-frames,category,product-listing,2020-09-20T11:40:28Z,2021-09-28T05:11:16Z,200,200,6,cdx,,
@,/products/category/cardboard-frames/antique-maps-4,category,product-listing,2020-09-27T04:01:22Z,2021-10-23T01:42:31Z,200,200,6,cdx,,
@,/products/category/cardboard-frames/architectural-2,category,product-listing,2020-09-20T10:43:36Z,2021-09-28T04:20:38Z,200,200,6,cdx,,
@,/products/category/cardboard-frames/birds-of-asia-2,category,product-listing,2020-09-27T02:39:50Z,2021-09-28T03:28:34Z,200,200,6,cdx,,
@,/products/category/cardboard-frames/fruits-and-flowers-2,category,product-listing,2020-09-20T10:30:09Z,2021-09-28T04:07:15Z,200,200,6,cdx,,
@,/products/category/cardboard-frames/people-of-indonesia-2,category,product-listing,2020-09-27T03:43:43Z,2021-09-28T04:12:08Z,200,200,6,cdx,,
@,/products/category/cardboard-frames/views-landscapes-2,category,product-listing,2020-09-20T10:38:15Z,2021-09-28T04:15:44Z,200,200,6,cdx,,
@,/products/category/cardboard-frames/wayang-figures,category,product-listing,2020-09-23T18:04:03Z,2021-10-23T00:34:35Z,200,200,6,cdx,,
@,/products/category/featured,category,product-listing,2020-09-27T04:57:41Z,2021-10-23T02:17:20Z,200,200,5,cdx,,
@,/products/category/frames,category,product-listing,2020-09-23T18:50:09Z,2021-10-23T01:16:30Z,200,200,6,cdx,,
@,/products/category/frames/antique-maps-3,category,product-listing,2020-09-23T19:21:27Z,2021-12-08T03:42:18Z,200,200,6,cdx,,
@,/products/category/frames/architectural-3,category,product-listing,2021-02-26T13:16:33Z,2021-10-23T02:22:40Z,200,200,4,cdx,,
@,/products/category/frames/birds-of-asia-5,category,product-listing,2020-09-27T00:39:11Z,2021-09-28T04:35:28Z,200,200,6,cdx,,
@,/products/category/frames/fruits-and-flowers-5,category,product-listing,2020-09-20T11:17:53Z,2021-09-28T04:50:56Z,200,200,6,cdx,,
@,/products/category/frames/people-of-indonesia-5,category,product-listing,2020-09-20T09:44:10Z,2021-09-28T03:29:50Z,200,200,6,cdx,,
@,/products/category/frames/views-landscapes-3,category,product-listing,2020-09-20T11:24:48Z,2021-09-28T04:57:02Z,200,200,6,cdx,,
@,/products/category/frames/wayang-figures-2,category,product-listing,2021-02-26T13:01:19Z,2021-12-08T04:13:42Z,200,200,4,cdx,,
@,/products/category/greeting-cards,category,product-listing,2020-09-23T20:18:53Z,2021-10-23T02:14:41Z,200,200,6,cdx,,
@,/products/category/greeting-cards/birds-of-asia-6,category,product-listing,2020-09-27T00:56:43Z,2021-09-28T04:49:44Z,200,200,6,cdx,,
@,/products/category/greeting-cards/fruits-and-flowers-6,category,product-listing,2020-09-20T11:18:25Z,2021-09-28T04:51:31Z,200,200,6,cdx,,
@,/products/category/greeting-cards/people-of-indonesia-6,category,product-listing,2020-09-20T11:45:45Z,2021-09-28T05:15:25Z,200,200,6,cdx,,
@,/products/category/greeting-cards/views-landscapes-4,category,product-listing,2020-09-20T10:28:52Z,2021-09-28T04:06:30Z,200,200,6,cdx,,
@,/products/category/new-arrivals,category,product-listing,2020-09-20T12:02:52Z,2021-09-28T05:29:23Z,200,200,6,cdx,,
@,/products/category/ring-books,category,product-listing,2020-09-20T11:46:10Z,2021-10-23T01:26:55Z,200,200,7,cdx,,
@,/products/category/ring-books/antique-maps,category,product-listing,2020-09-20T11:17:24Z,2021-09-28T04:50:20Z,200,200,6,cdx,,
@,/products/category/ring-books/birds-of-asia-3,category,product-listing,2020-09-27T00:06:02Z,2021-12-08T03:24:18Z,200,200,6,cdx,,
@,/products/category/ring-books/fruits-and-flowers-3,category,product-listing,2020-09-23T19:31:40Z,2021-12-08T03:49:11Z,200,200,6,cdx,,
@,/products/category/ring-books/people-of-indonesia-3,category,product-listing,2020-09-20T10:27:31Z,2021-09-28T04:05:47Z,200,200,6,cdx,,
@,/products/category/sale,category,product-listing,2020-09-20T09:49:43Z,2021-09-28T04:46:43Z,200,200,7,cdx,,
@,/products/category/thin-books,category,product-listing,2020-09-20T11:44:31Z,2021-09-28T05:13:41Z,200,200,6,cdx,,
@,/products/category/thin-books/antique-maps-2,category,product-listing,2020-09-20T09:46:36Z,2021-09-28T03:30:50Z,200,200,6,cdx,,
@,/products/category/thin-books/birds-of-asia-4,category,product-listing,2020-09-21T09:23:09Z,2021-10-23T01:37:24Z,200,200,5,cdx,,
@,/products/category/thin-books/fruits-and-flowers-4,category,product-listing,2020-09-20T10:55:43Z,2021-09-28T04:31:33Z,200,200,6,cdx,,
@,/products/category/thin-books/people-of-indonesia-4,category,product-listing,2020-09-20T10:02:50Z,2021-09-28T03:45:19Z,200,200,6,cdx,,
@,/products/chicken-seller-in-indonesia---year-1883-frame,product,product-path,2021-03-03T04:55:03Z,2021-12-08T04:31:32Z,200,200,5,cdx,,
@,/products/chief-in-java---year-1817-frame,product,product-path,2021-03-03T06:14:08Z,2021-12-08T04:49:00Z,200,200,4,cdx,,
@,/products/chief-in-java---year-1817-softcover-notebook,product,product-path,2020-09-21T10:18:33Z,2021-09-28T05:02:39Z,200,200,6,cdx,,
@,/products/chinese-neighbourhood-glodok-in-batavia-frame,product,product-path,2020-09-26T23:22:35Z,2021-10-23T00:42:23Z,200,200,5,cdx,,
@,/products/chinese-silk-merchants-in-indonesia---year-1883-frame,product,product-path,2021-03-03T05:18:16Z,2021-12-08T03:43:00Z,200,200,5,cdx,,
@,/products/christmas-flower---kastuba-cardboard-frame,product,product-path,2021-09-28T04:58:19Z,2021-09-28T04:58:19Z,200,200,1,cdx,,
@,/products/christmas-flower---kastuba-softcover-notebook,product,product-path,2020-09-26T23:35:38Z,2021-10-23T00:54:45Z,200,200,5,cdx,,
@,/products/city-hall-fatahillah-in-batavia-cardboard-frame,product,product-path,2020-09-23T19:29:52Z,2021-10-23T01:44:23Z,200,200,6,cdx,,
@,/products/city-hall-fatahillah-in-batavia-frame,product,product-path,2020-09-27T03:10:40Z,2021-10-23T01:07:36Z,200,200,5,cdx,,
@,/products/city-hall-fatahillah-in-batavia-greeting-card,product,product-path,2020-09-27T03:26:47Z,2021-10-23T01:17:11Z,200,200,5,cdx,,
@,/products/coffee-factory-in-indonesia---year-1883-frame,product,product-path,2021-02-26T12:58:05Z,2021-12-08T04:09:05Z,200,200,4,cdx,,
@,/products/coffee-transport-by-horse-in-indonesia---year-1883-frame,product,product-path,2021-03-03T05:25:16Z,2021-12-08T02:50:58Z,200,200,5,cdx,,
@,/products/crown-prince-of-yogyakarta-cardboard-frame,product,product-path,2020-09-27T04:50:30Z,2021-10-23T02:11:58Z,200,200,6,cdx,,
@,/products/crown-prince-of-yogyakarta-softcover-notebook,product,product-path,2020-09-21T08:35:03Z,2021-10-23T00:53:01Z,200,200,6,cdx,,
@,/products/dancing-javanese-woman---year-1817-cardboard-frame,product,product-path,2020-09-27T01:08:23Z,2021-10-23T02:13:35Z,200,200,5,cdx,,
@,/products/dancing-javanese-woman---year-1817-frame,product,product-path,2020-09-23T18:30:33Z,2021-10-23T00:51:09Z,200,200,6,cdx,,
@,/products/dancing-javanese-woman---year-1817-greeting-card,product,product-path,2020-09-23T20:54:51Z,2021-10-23T02:37:59Z,200,200,6,cdx,,
@,/products/dancing-javanese-woman---year-1817-hardcover-notebook,product,product-path,2020-09-27T05:05:58Z,2020-09-27T05:05:58Z,200,200,1,cdx,,
@,/products/dancing-javanese-woman---year-1817-softcover-notebook,product,product-path,2020-09-21T08:42:42Z,2021-10-23T00:56:36Z,200,200,7,cdx,,
@,/products/dieng-plateau-cardboard-frame,product,product-path,2020-09-23T20:00:17Z,2021-07-24T08:23:15Z,200,200,5,cdx,,
@,/products/durian---king-of-fruits-cardboard-frame,product,product-path,2020-09-27T01:26:23Z,2021-10-23T02:28:14Z,200,200,6,cdx,,
@,/products/durian---king-of-fruits-hardcover-notebook,product,product-path,2020-09-27T03:30:35Z,2020-09-27T03:30:35Z,200,200,1,cdx,,
@,/products/durian---king-of-fruits-softcover-notebook,product,product-path,2020-09-27T04:55:48Z,2021-10-23T02:15:44Z,200,200,5,cdx,,
@,/products/east-indies---ca-1760-cardboard-frame,product,product-path,2020-09-20T11:26:47Z,2021-10-23T02:13:05Z,200,200,8,cdx,,
@,/products/elliots-bird-of-paradise---year-1873-cardboard-frame,product,product-path,2020-09-23T18:57:56Z,2021-10-23T01:23:57Z,200,200,6,cdx,,
@,/products/elliots-bird-of-paradise---year-1873-frame,product,product-path,2021-03-03T04:42:05Z,2021-10-23T00:52:06Z,200,200,4,cdx,,
@,/products/flamboyant---bunga-flamboyan-cardboard-frame,product,product-path,2020-09-21T10:50:21Z,2021-09-28T05:26:22Z,200,200,7,cdx,,
@,/products/flamboyant---bunga-flamboyan-greeting-card,product,product-path,2020-09-21T08:45:01Z,2021-05-12T01:15:52Z,200,200,4,cdx,,
@,/products/flamboyant---bunga-flamboyan-softcover-notebook,product,product-path,2020-09-27T03:52:20Z,2021-10-23T01:38:03Z,200,200,5,cdx,,
@,/products/flame-of-the-forest---ploso-cardboard-frame,product,product-path,2020-09-27T01:21:06Z,2021-10-23T02:23:06Z,200,200,5,cdx,,
@,/products/flame-of-the-forest---ploso-greeting-card,product,product-path,2020-09-21T08:51:48Z,2021-10-23T01:03:28Z,200,200,6,cdx,,
@,/products/flame-of-the-forest---ploso-softcover-notebook,product,product-path,2020-09-21T10:46:41Z,2021-09-28T05:23:33Z,200,200,6,cdx,,
@,/products/french-world-map---year-1713-cardboard-frame,product,product-path,2020-09-21T10:29:20Z,2021-09-28T05:10:40Z,200,200,6,cdx,,
@,/products/french-world-map---year-1713-frame,product,product-path,2020-09-27T03:05:20Z,2021-07-24T07:14:22Z,200,200,5,cdx,,
@,/products/ginger-flower---kecombrang-cardboard-frame,product,product-path,2020-09-27T02:59:34Z,2021-10-23T00:49:25Z,200,200,5,cdx,,
@,/products/ginger-flower---kecombrang-softcover-notebook,product,product-path,2020-09-20T10:59:59Z,2021-10-23T01:52:17Z,200,200,6,cdx,,
@,/products/golden-banana---pisang-mas-cardboard-frames,product,product-path,2020-09-27T01:19:14Z,2021-10-23T02:21:20Z,200,200,5,cdx,,
@,/products/golden-banana---pisang-mas-hardcover-notebook,product,product-path,2020-09-27T00:38:32Z,2020-09-27T00:38:32Z,200,200,1,cdx,,
@,/products/golden-banana---pisang-mas-softcover-notebook,product,product-path,2020-09-23T20:25:16Z,2021-10-23T02:18:55Z,200,200,6,cdx,,
@,/products/governor-general-palace-istana-bogor-in-buitenzorg-frame,product,product-path,2021-03-03T05:34:14Z,2021-12-08T04:00:34Z,200,200,4,cdx,,
@,/products/governor-general-palace-istana-bogor-in-buitenzorg-greeting-card,product,product-path,2020-09-21T10:39:30Z,2021-12-08T04:41:26Z,200,200,7,cdx,,
@,/products/governor-general-palace-merdeka-in-batavia-frame,product,product-path,2021-03-03T04:40:01Z,2021-12-08T02:46:54Z,200,200,4,cdx,,
@,/products/india-orientalis-c-1638-merian-sea-cardboard-frame,product,product-path,2020-09-26T23:48:08Z,2021-10-23T01:08:24Z,200,200,5,cdx,,
@,/products/indiae-orientalis-c1589-ortelius-cardboard-frame,product,product-path,2020-09-21T08:49:36Z,2021-09-28T03:49:04Z,200,200,6,cdx,,
@,/products/indiae-orientalis-c1589-ortelius-frame,product,product-path,2021-03-03T06:07:22Z,2021-10-23T02:31:19Z,200,200,4,cdx,,
@,/products/indian-ocean---year-1665-frame,product,product-path,2021-03-03T04:51:37Z,2021-10-23T01:05:08Z,200,200,4,cdx,,
@,/products/indian-ocean---year-1665-softcover-notebook,product,product-path,2020-09-23T18:07:57Z,2021-10-23T00:37:43Z,200,200,6,cdx,,
@,/products/indonesia-and-japan---year-1692--cardboard-frame,product,product-path,2020-09-23T18:40:59Z,2021-10-23T01:01:51Z,200,200,6,cdx,,
@,/products/indonesian-dancer-and-musicians-1880-cardboard-frame,product,product-path,2020-09-23T19:59:35Z,2021-10-23T02:00:45Z,200,200,6,cdx,,
@,/products/indonesian-dancer-and-musicians-1880-greeting-card,product,product-path,2020-09-20T11:50:00Z,2021-10-23T02:32:12Z,200,200,6,cdx,,
@,/products/indonesian-dancer-and-musicians-1880-softcover-notebook,product,product-path,2020-09-23T19:04:49Z,2021-12-08T03:30:08Z,200,200,6,cdx,,
@,/products/indonesian-wayang-figures---abijasa-cardboard-frame,product,product-path,2020-09-23T20:38:07Z,2021-10-23T02:27:51Z,200,200,6,cdx,,
@,/products/indonesian-wayang-figures---abijasa-frame,product,product-path,2021-03-03T05:11:07Z,2021-12-08T03:35:40Z,200,200,4,cdx,,
@,/products/indonesian-wayang-figures---bisma-cardboard-frame,product,product-path,2020-09-23T18:11:36Z,2021-10-23T00:38:43Z,200,200,6,cdx,,
@,/products/indonesian-wayang-figures---bisma-frame,product,product-path,2021-03-03T04:37:54Z,2021-10-23T00:50:15Z,200,200,4,cdx,,
@,/products/indonesian-wayang-figures---sangkoeni-cardboard-frame,product,product-path,2020-09-27T03:28:43Z,2021-10-23T01:19:27Z,200,200,5,cdx,,
@,/products/indonesian-wayang-figures---sangkoeni-frame,product,product-path,2021-03-03T06:09:54Z,2021-12-08T04:43:40Z,200,200,4,cdx,,
@,/products/indonesian-wayang-figures---santanoe-cardboard-frame,product,product-path,2020-09-27T01:25:06Z,2021-10-23T02:27:04Z,200,200,5,cdx,,
@,/products/indonesian-wayang-figures---santanoe-frame,product,product-path,2021-03-03T05:44:08Z,2021-12-08T04:13:03Z,200,200,4,cdx,,
@,/products/islands-of-the-maluku-archipelago----year-1724-cardboard-frame,product,product-path,2020-09-23T19:37:18Z,2021-10-23T01:50:26Z,200,200,6,cdx,,
@,/products/jackfruit---nangka-cardboard-frame,product,product-path,2020-09-23T18:33:18Z,2021-10-23T00:59:12Z,200,200,6,cdx,,
@,/products/jackfruit---nangka-greeting-card,product,product-path,2020-09-27T00:51:15Z,2021-07-24T08:20:06Z,200,200,4,cdx,,
@,/products/jackfruit---nangka-hardcover-notebook,product,product-path,2021-10-23T02:06:12Z,2021-10-23T02:06:12Z,200,200,1,cdx,,
@,/products/jackfruit---nangka-softcover-notebook,product,product-path,2020-09-21T10:17:35Z,2021-09-28T05:01:28Z,200,200,6,cdx,,
@,/products/java-apple---jambu-bol-cardboard-frame,product,product-path,2020-09-27T04:37:46Z,2021-10-23T02:01:58Z,200,200,5,cdx,,
@,/products/java-island---year-1657-cardboard-frame,product,product-path,2020-09-27T01:41:47Z,2021-10-23T02:40:43Z,200,200,5,cdx,,
@,/products/java-night-train-cardboard-frame,product,product-path,2020-09-27T05:02:28Z,2021-10-23T02:20:23Z,200,200,5,cdx,,
@,/products/java-night-train-frame,product,product-path,2021-03-03T05:32:34Z,2021-12-08T03:58:32Z,200,200,4,cdx,,
@,/products/javan-in-court-dress---year-1817-cardboard-frame,product,product-path,2020-09-21T09:11:24Z,2021-10-23T01:27:36Z,200,200,6,cdx,,
@,/products/javan-in-court-dress---year-1817-frame,product,product-path,2020-09-23T18:14:59Z,2021-10-23T00:40:31Z,200,200,6,cdx,,
@,/products/javan-in-court-dress---year-1817-greeting-cards,product,product-path,2020-09-27T01:07:01Z,2021-10-23T02:12:34Z,200,200,5,cdx,,
@,/products/javan-in-court-dress---year-1817-hardcover-notebook,product,product-path,2020-09-23T20:40:20Z,2020-11-26T01:50:51Z,200,200,2,cdx,,
@,/products/javan-in-court-dress---year-1817-softcover-notebook,product,product-path,2020-09-21T09:47:47Z,2021-09-28T04:38:37Z,200,200,7,cdx,,
@,/products/javan-in-war-dress---year-1817-cardboard-frame,product,product-path,2020-09-21T09:05:37Z,2021-10-23T01:21:01Z,200,200,7,cdx,,
@,/products/javan-in-war-dress---year-1817-frame,product,product-path,2021-03-03T04:35:36Z,2021-12-08T02:43:23Z,200,200,4,cdx,,
@,/products/javan-in-war-dress---year-1817-greeting-card,product,product-path,2020-09-21T08:54:02Z,2021-10-23T01:04:14Z,200,200,6,cdx,,
@,/products/javan-in-war-dress---year-1817-softcover-notebook,product,product-path,2020-09-20T11:23:19Z,2021-10-23T02:08:34Z,200,200,6,cdx,,
@,/products/javanese-flowers---bunga-bungur--indian-summer-frame,product,product-path,2021-03-03T05:29:45Z,2021-12-08T03:55:52Z,200,200,4,cdx,,
@,/products/javanese-flowers---bunga-flamboyan--java-flamboyant-frame,product,product-path,2021-03-03T05:25:56Z,2021-12-08T03:51:06Z,200,200,4,cdx,,
@,/products/javanese-flowers---kastuba--christmas-flower--frame,product,product-path,2021-03-03T04:46:01Z,2021-12-08T02:54:01Z,200,200,4,cdx,,
@,/products/javanese-flowers---pohon-palasa--flame-of-the-forest--frame,product,product-path,2021-03-03T04:58:04Z,2021-12-08T03:12:52Z,200,200,4,cdx,,
@,/products/javanese-fruits----mangga--mango-frame,product,product-path,2020-09-27T00:28:16Z,2021-10-23T01:43:08Z,200,200,5,cdx,,
@,/products/javanese-fruits----mangga--mango-greeting-card,product,product-path,2020-09-21T10:13:46Z,2021-09-28T04:58:57Z,200,200,6,cdx,,
@,/products/javanese-fruits---blimbing--star-fruit--frame,product,product-path,2021-03-03T04:56:39Z,2021-12-08T03:12:01Z,200,200,4,cdx,,
@,/products/javanese-fruits---durian--durian-fruits-frame,product,product-path,2020-09-27T00:54:41Z,2021-10-23T02:01:21Z,200,200,6,cdx,,
@,/products/javanese-fruits---durian--durian-fruits-greeting-card,product,product-path,2020-09-27T01:10:51Z,2021-10-23T02:15:13Z,200,200,5,cdx,,
@,/products/javanese-fruits---manggis--mangosteen-frame,product,product-path,2020-09-23T20:25:50Z,2021-10-23T02:19:24Z,200,200,7,cdx,,
@,/products/javanese-fruits---manggis--mangosteen-greeting-card,product,product-path,2020-09-21T10:07:50Z,2021-10-23T02:07:26Z,200,200,6,cdx,,
@,/products/javanese-fruits---pepaya--papaya--frame,product,product-path,2021-03-03T05:04:48Z,2021-12-08T03:26:14Z,200,200,4,cdx,,
@,/products/javanese-fruits---pisang-mas---golden-banana-frame,product,product-path,2020-09-26T23:52:19Z,2021-10-23T01:11:43Z,200,200,6,cdx,,
@,/products/javanese-fruits---pisang-mas---golden-banana-greeting-card,product,product-path,2020-09-23T18:35:55Z,2021-10-23T01:00:04Z,200,200,6,cdx,,
@,/products/javanese-fruits---rambutan--rambutan-fruits--frame,product,product-path,2021-03-03T05:40:19Z,2021-12-08T04:08:24Z,200,200,4,cdx,,
@,/products/javanese-groom-cardboard-frame,product,product-path,2020-09-20T10:56:35Z,2021-10-23T01:48:02Z,200,200,7,cdx,,
@,/products/javanese-groom-greeting-card,product,product-path,2020-09-27T01:44:30Z,2021-10-23T02:42:49Z,200,200,5,cdx,,
@,/products/javanese-groom-softcover-notebook,product,product-path,2020-12-05T11:20:32Z,2021-10-23T01:21:45Z,200,200,6,cdx,,
@,/products/javanese-kitchen---indonesian-portable-tea-stand-cardboard-frame,product,product-path,2021-09-28T04:24:51Z,2021-09-28T04:24:51Z,200,200,1,cdx,,
@,/products/javanese-kitchen---indonesian-portable-tea-stand-greeting-card,product,product-path,2020-09-20T10:31:19Z,2021-10-23T01:28:15Z,200,200,6,cdx,,
@,/products/javanese-men---year-1817-cardboard-frame,product,product-path,2020-09-23T18:52:16Z,2021-10-23T01:17:56Z,200,200,6,cdx,,
@,/products/javanese-men---year-1817-greeting-card,product,product-path,2020-09-21T08:40:15Z,2021-10-23T00:55:41Z,200,200,6,cdx,,
@,/products/javanese-woman---year-1817-frame,product,product-path,2021-03-03T04:49:43Z,2021-10-23T01:02:37Z,200,200,4,cdx,,
@,/products/kali-besar-batavia---year-1926-cardboard-frame,product,product-path,2020-09-27T05:18:20Z,2021-10-23T02:30:20Z,200,200,5,cdx,,
@,/products/kali-besar-batavia---year-1926-frame,product,product-path,2020-09-20T11:18:55Z,2021-09-28T04:52:06Z,200,200,6,cdx,,
@,/products/kampung-bamboo-bridge-in-indonesia---year-1883-frame,product,product-path,2021-03-03T04:32:56Z,2021-12-08T02:30:10Z,200,200,5,cdx,,
@,/products/kampung-in-indonesia-frame,product,product-path,2021-03-03T05:56:51Z,2021-10-23T02:19:54Z,200,200,5,cdx,,
@,/products/kampung-warung-in-indonesia-frame,product,product-path,2021-03-03T04:53:21Z,2021-12-08T04:42:00Z,200,200,5,cdx,,
@,/products/lesser-bird-of-paradise---year-1873-cardboard-frame,product,product-path,2020-09-26T23:20:17Z,2021-10-23T00:35:39Z,200,200,5,cdx,,
@,/products/lesser-bird-of-paradise---year-1873-frame,product,product-path,2020-09-27T04:15:12Z,2021-10-23T01:51:40Z,200,200,5,cdx,,
@,/products/lesser-bird-of-paradise---year-1873-greeting-card,product,product-path,2020-09-27T03:34:07Z,2021-10-23T01:26:11Z,200,200,5,cdx,,
@,/products/lesser-bird-of-paradise---year-1873-softcover-notebook,product,product-path,2020-09-27T03:48:48Z,2021-10-23T01:34:08Z,200,200,5,cdx,,
@,/products/mango---mangga-cardboard-frame,product,product-path,2020-09-27T04:49:53Z,2021-10-23T02:10:49Z,200,200,5,cdx,,
@,/products/mango---mangga-hardcover-notebook,product,product-path,2020-09-23T19:56:57Z,2021-09-28T04:47:20Z,200,200,3,cdx,,
@,/products/mango---mangga-softcover-notebook,product,product-path,2020-09-21T09:40:28Z,2021-10-23T01:48:38Z,200,200,6,cdx,,
@,/products/mangosteen---manggis-cardboard-frame,product,product-path,2020-09-21T08:32:27Z,2021-09-28T03:34:34Z,200,200,7,cdx,,
@,/products/mangosteen---manggis-hardcover-notebook,product,product-path,2020-09-27T00:20:07Z,2020-09-27T00:20:07Z,200,200,1,cdx,,
@,/products/mangosteen---manggis-softcover-notebook,product,product-path,2020-09-21T08:19:46Z,2021-10-23T00:39:36Z,200,200,6,cdx,,
@,/products/mappe---monde-frame,product,product-path,2021-04-13T08:18:33Z,2021-12-08T02:33:32Z,200,200,4,cdx,,
@,/products/marine-hotel-in-batavia-frame,product,product-path,2021-03-03T05:44:30Z,2021-12-08T04:14:21Z,200,200,4,cdx,,
@,/products/mount-bromo---java-cardboard-frame,product,product-path,2020-09-21T10:33:17Z,2021-10-23T02:27:29Z,200,200,6,cdx,,
@,/products/nouvelle-carte-de-lisle-de-java-cardboard-frame,product,product-path,2020-09-27T05:17:44Z,2021-10-23T02:30:00Z,200,200,6,cdx,,
@,/products/nouvelle-carte-de-lisle-de-java-frame,product,product-path,2020-09-20T11:08:21Z,2021-10-23T01:55:25Z,200,200,6,cdx,,
@,/products/offerings-on-bali-by-le-mayeur-2-softcover-notebook,product,product-path,2020-09-27T01:17:54Z,2021-10-23T02:20:52Z,200,200,5,cdx,,
@,/products/old-city-gate-pintu-besar-of-batavia-frame,product,product-path,2021-03-03T05:10:11Z,2021-10-23T01:31:29Z,200,200,4,cdx,,
@,/products/old-city-gate-pintu-besar-of-batavia-greeting-card,product,product-path,2020-09-21T10:25:12Z,2021-12-08T04:29:40Z,200,200,7,cdx,,
@,/products/orchid-flower---bunga-anggrek-greeting-card,product,product-path,2020-09-20T10:21:36Z,2021-10-23T01:15:42Z,200,200,6,cdx,,
@,/products/orchid-flower---bunga-anggrek-softcover-notebook,product,product-path,2020-09-26T23:55:50Z,2021-10-23T01:13:20Z,200,200,5,cdx,,
@,/products/pamplemousse---limau-besar-cardboard-frame,product,product-path,2020-09-23T18:59:39Z,2021-10-23T01:25:28Z,200,200,6,cdx,,
@,/products/pamplemousse---limau-besar-greeting-card,product,product-path,2020-09-21T09:42:33Z,2021-10-23T01:51:03Z,200,200,6,cdx,,
@,/products/papaya---pepaya-cardboard-frame,product,product-path,2020-09-20T09:55:14Z,2021-09-28T03:36:21Z,200,200,6,cdx,,
@,/products/papaya---pepaya-softcover-notebook,product,product-path,2020-09-20T11:57:04Z,2021-09-28T05:25:17Z,200,200,6,cdx,,
@,/products/pasar-batavia-c1923-homberg-cardboard-frame,product,product-path,2020-09-21T10:14:41Z,2021-10-23T02:14:08Z,200,200,7,cdx,,
@,/products/pasar-batavia-c1923-homberg-frame,product,product-path,2020-09-27T05:25:48Z,2021-10-23T02:34:32Z,200,200,5,cdx,,
@,/products/phoenix-eye-fruit---buah-kastanye-softcover-notebook,product,product-path,2020-09-27T05:11:15Z,2021-10-23T02:25:21Z,200,200,5,cdx,,
@,/products/portuguese-sion-church-in-batavia-frame,product,product-path,2021-03-03T05:07:07Z,2021-12-08T03:31:16Z,200,200,4,cdx,,
@,/products/portuguese-sion-church-in-batavia-greeting-card,product,product-path,2020-09-27T00:04:47Z,2021-10-23T01:24:43Z,200,200,6,cdx,,
@,/products/pride-of-india---bunga-bungur-cardboard-frame,product,product-path,2020-09-27T00:23:31Z,2021-10-23T01:39:19Z,200,200,6,cdx,,
@,/products/pride-of-india---bunga-bungur-greeting-card,product,product-path,2020-09-23T18:27:42Z,2021-07-24T06:58:32Z,200,200,5,cdx,,
@,/products/pride-of-india---bunga-bungur-softcover-notebook,product,product-path,2020-09-26T23:25:39Z,2021-10-23T00:46:52Z,200,200,5,cdx,,
@,/products/raden-salehs-residence-in-batavia-cardboard-frame,product,product-path,2020-09-23T19:03:07Z,2021-10-23T01:28:53Z,200,200,6,cdx,,
@,/products/raden-salehs-residence-in-batavia-frame,product,product-path,2021-03-03T05:19:53Z,2021-12-08T03:45:05Z,200,200,4,cdx,,
@,/products/raden-salehs-residence-in-batavia-greeting-card,product,product-path,2020-09-21T09:24:11Z,2021-12-08T03:39:40Z,200,200,7,cdx,,
@,/products/raggiana-bird-of-paradise---year-1873-cardboard-frame,product,product-path,2020-09-27T05:24:36Z,2021-07-24T08:57:16Z,200,200,4,cdx,,
@,/products/raggiana-bird-of-paradise---year-1873-frame,product,product-path,2020-09-27T04:08:57Z,2021-10-23T01:46:51Z,200,200,5,cdx,,
@,/products/raggiana-bird-of-paradise---year-1873-greeting-card,product,product-path,2020-09-20T10:41:33Z,2021-02-27T00:31:17Z,200,200,3,cdx,,
@,/products/raggiana-bird-of-paradise---year-1873-hardcover-notebook,product,product-path,2020-09-21T10:15:42Z,2021-09-28T05:00:12Z,200,200,3,cdx,,
@,/products/raggiana-bird-of-paradise---year-1873-softcover-notebook,product,product-path,2020-09-23T20:35:11Z,2021-10-23T02:24:55Z,200,200,6,cdx,,
@,/products/rambutan-cardboard-frame,product,product-path,2020-09-27T03:32:25Z,2021-10-23T01:23:16Z,200,200,5,cdx,,
@,/products/rambutan-hardcover-notebook,product,product-path,2021-09-28T04:02:55Z,2021-10-23T02:03:09Z,200,200,2,cdx,,
@,/products/rambutan-softcover-notebook,product,product-path,2020-09-21T08:47:16Z,2021-09-28T03:48:23Z,200,200,6,cdx,,
@,/products/red-bird-of-paradise---year-1873-cardboard-frame,product,product-path,2020-09-21T10:26:23Z,2021-09-28T05:08:15Z,200,200,6,cdx,,
@,/products/red-bird-of-paradise---year-1873-softcover-notebook,product,product-path,2020-09-21T08:23:19Z,2021-09-28T03:31:51Z,200,200,6,cdx,,
@,/products/rice-harvest-in-indonesia-frame,product,product-path,2021-03-03T05:06:06Z,2021-12-08T03:29:15Z,200,200,5,cdx,,
@,/products/rongkop-south-coast-cardboard-frame,product,product-path,2020-09-21T09:36:05Z,2021-07-24T08:04:18Z,200,200,5,cdx,,
@,/products/ruins-of-the-modjo-paid-temple---year-1852-cardboard-frame,product,product-path,2020-09-27T05:28:36Z,2021-10-23T02:36:51Z,200,200,6,cdx,,
@,/products/ruins-of-the-modjo-paid-temple---year-1852-frame,product,product-path,2021-03-03T04:30:28Z,2021-10-23T00:33:26Z,200,200,4,cdx,,
@,/products/ruins-of-the-prambanan-temple---year-1852-cardboard-frame,product,product-path,2020-09-26T23:28:16Z,2021-10-23T00:47:43Z,200,200,6,cdx,,
@,/products/ruins-of-the-prambanan-temple---year-1852-frame,product,product-path,2021-03-03T05:24:36Z,2021-12-08T03:49:52Z,200,200,4,cdx,,
@,/products/scarlet-banana---pisang-songgo-langit-softcover-notebook,product,product-path,2020-09-27T01:11:48Z,2021-10-23T02:16:15Z,200,200,5,cdx,,
@,/products/semarang-exhibition---year-1914-cardboard-frame,product,product-path,2020-09-27T02:56:37Z,2021-10-23T00:45:06Z,200,200,5,cdx,,
@,/products/sickle-billed-bird-of-paradise---year-1873-softcover-notebook,product,product-path,2020-09-27T03:46:18Z,2021-10-23T01:32:48Z,200,200,5,cdx,,
@,/products/six-plumed-bird-of-paradise---year-1873-cardboard-frame,product,product-path,2020-09-27T02:43:36Z,2021-10-23T00:36:43Z,200,200,5,cdx,,
@,/products/six-plumed-bird-of-paradise---year-1873-hardcover-notebook,product,product-path,2020-09-20T10:12:19Z,2021-09-28T03:52:03Z,200,200,3,cdx,,
@,/products/six-plumed-bird-of-paradise---year-1873-softcover-notebook,product,product-path,2020-09-23T18:56:12Z,2021-10-23T01:22:32Z,200,200,6,cdx,,
@,/products/snake-fruit---salak-hardcover-notebook,product,product-path,2021-10-23T01:14:10Z,2021-10-23T01:14:10Z,200,200,1,cdx,,
@,/products/snake-fruit---salak-softcover-notebook,product,product-path,2020-09-23T19:36:24Z,2021-10-23T01:49:16Z,200,200,6,cdx,,
@,/products/soursop---sirsak-softcover-notebook,product,product-path,2020-09-27T01:40:06Z,2021-10-23T02:39:22Z,200,200,5,cdx,,
@,/products/south-east-asia-c-1606-cardboard-frame,product,product-path,2020-09-21T10:48:03Z,2021-09-28T05:24:42Z,200,200,7,cdx,,
@,/products/south-east-asia-c-1606-frame,product,product-path,2020-09-20T10:51:50Z,2021-09-28T04:28:16Z,200,200,7,cdx,,
@,/products/spice-islands-and-the-indonesian-archipelago-cardboard-frame,product,product-path,2020-09-26T23:40:02Z,2021-10-23T01:00:59Z,200,200,6,cdx,,
@,/products/spice-islands-and-the-indonesian-archipelago-frame,product,product-path,2020-09-27T02:53:38Z,2021-10-23T00:44:13Z,200,200,5,cdx,,
@,/products/spice-islands-map-softcover-notebook,product,product-path,2020-09-27T03:02:29Z,2021-10-23T00:58:22Z,200,200,5,cdx,,
@,/products/st-emmanuels-church-in-batavia-cardboard-frame,product,product-path,2020-09-23T19:30:46Z,2021-10-23T01:45:00Z,200,200,6,cdx,,
@,/products/st-emmanuels-church-in-batavia-frame,product,product-path,2021-03-03T05:02:19Z,2021-12-08T03:17:43Z,200,200,4,cdx,,
@,/products/st-emmanuels-church-in-batavia-greeting-card,product,product-path,2020-09-20T10:37:12Z,2021-12-08T03:34:59Z,200,200,7,cdx,,
@,/products/starfruit---blimbing-cardboard-frame,product,product-path,2020-09-21T09:29:17Z,2021-10-23T01:40:35Z,200,200,6,cdx,,
@,/products/starfruit---blimbing-greeting-card,product,product-path,2020-09-27T02:37:52Z,2021-10-23T00:31:53Z,200,200,5,cdx,,
@,/products/starfruit---blimbing-hardcover-notebook,product,product-path,2021-09-28T05:09:28Z,2021-09-28T05:09:28Z,200,200,1,cdx,,
@,/products/starfruit---blimbing-softcover-notebook,product,product-path,2020-09-27T03:51:15Z,2021-10-23T01:36:45Z,200,200,5,cdx,,
@,/products/sugar-apple---srikaya-cardboard-frame,product,product-path,2020-09-27T00:59:09Z,2021-10-23T02:05:00Z,200,200,5,cdx,,
@,/products/sultan-of-yogyakarta---year-1885-cardboard-frame,product,product-path,2020-09-27T04:08:03Z,2021-10-23T01:46:14Z,200,200,7,cdx,,
@,/products/sultan-of-yogyakarta---year-1885-softcover-notebook,product,product-path,2020-09-27T01:06:31Z,2021-10-23T02:11:25Z,200,200,6,cdx,,
@,/products/tassel-vine-flower---bunga-tassel-vine-softcover-notebook,product,product-path,2020-09-21T10:52:30Z,2021-09-28T05:27:52Z,200,200,4,cdx,,
@,/products/tengger---east-java-cardboard-frame,product,product-path,2020-09-27T02:50:26Z,2021-07-24T06:49:12Z,200,200,4,cdx,,
@,/products/topeng-dancers-in-java---year-1873-cardboard-frame,product,product-path,2020-09-23T19:14:06Z,2021-10-23T01:33:28Z,200,200,7,cdx,,
@,/products/twelve-wired-bird-of-paradise---year-1873-frame,product,product-path,2021-03-03T04:44:07Z,2021-12-08T02:49:48Z,200,200,4,cdx,,
@,/products/twelve-wired-bird-of-paradise---year-1873-softcover-notebook,product,product-path,2020-09-23T20:23:02Z,2021-10-23T02:17:53Z,200,200,6,cdx,,
@,/products/world-map-in-english---year-1744-cardboard-frame,product,product-path,2020-09-23T19:52:52Z,2021-10-23T01:56:40Z,200,200,6,cdx,,
@,/products/world-map-with-explorers-routes---year-1724-cardboard-frame,product,product-path,2020-09-23T18:21:36Z,2021-01-27T01:46:44Z,200,200,3,cdx,,
@,/robots.txt,system,root-file,2021-12-20T02:17:08Z,2024-09-13T05:37:43Z,-|200|301,200,20,cdx,,
@,/search,system,platform-path,2024-06-24T14:35:08Z,2024-06-24T14:35:08Z,200,200,1,cdx,,
@,/sitemap.xml,system,root-file,2024-06-24T13:42:28Z,2024-08-08T22:10:41Z,200,200,2,cdx,,
@,/static,asset,asset-path,2024-06-24T13:21:24Z,2024-06-24T13:21:24Z,404,404,1,cdx,,
@,/testimonials,page,page,2020-09-20T11:50:23Z,2021-10-23T02:32:48Z,200,200,6,cdx,,
