sku,parent_sku,name_en,name_id,variant_label_en,variant_label_id,category,description_en,description_id,price_idr,related_stock_number,image_files,active
SEED-SHOP-001,,Greeting card set — frangipani,Set kartu ucapan — frangipani,,,Stationery,"Mock seed product. Greeting card set with a frangipani motif, made of mulberry paper by our Bali partners.","Produk seed tiruan. Set kartu ucapan dengan motif frangipani, dibuat dari mulberry paper oleh mitra kami di Bali.",1355000,,,yes
SEED-SHOP-002,,Map reproduction — parang,Reproduksi peta — parang,,,Map reproductions,"Mock seed product. Map reproduction with a parang motif, made of rattan by our Bali partners.","Produk seed tiruan. Reproduksi peta dengan motif parang, dibuat dari rattan oleh mitra kami di Bali.",1195000,,,yes
SEED-SHOP-002-1,SEED-SHOP-002,Map reproduction — parang,Reproduksi peta — parang,50 × 70 cm,50 × 70 cm,Map reproductions,"Mock seed product. Map reproduction with a parang motif, made of rattan by our Bali partners.","Produk seed tiruan. Reproduksi peta dengan motif parang, dibuat dari rattan oleh mitra kami di Bali.",1195000,,,yes
SEED-SHOP-002-2,SEED-SHOP-002,Map reproduction — parang,Reproduksi peta — parang,70 × 100 cm,70 × 100 cm,Map reproductions,"Mock seed product. Map reproduction with a parang motif, made of rattan by our Bali partners.","Produk seed tiruan. Reproduksi peta dengan motif parang, dibuat dari rattan oleh mitra kami di Bali.",1195000,,,yes
SEED-SHOP-003,,Greeting card set — parang,Set kartu ucapan — parang,,,Stationery,"Mock seed product. Greeting card set with a parang motif, made of rattan by our Bali partners.","Produk seed tiruan. Set kartu ucapan dengan motif parang, dibuat dari rattan oleh mitra kami di Bali.",4405000,,,yes
SEED-SHOP-004,,Rattan basket — parang,Keranjang rotan — parang,,,Homeware,"Mock seed product. Rattan basket with a parang motif, made of cotton by our Bali partners.","Produk seed tiruan. Keranjang rotan dengan motif parang, dibuat dari cotton oleh mitra kami di Bali.",3470000,,,yes
SEED-SHOP-005,,Wrapping paper sheet — kawung,Lembar kertas kado — kawung,,,Stationery,"Mock seed product. Wrapping paper sheet with a kawung motif, made of mulberry paper by our Bali partners.","Produk seed tiruan. Lembar kertas kado dengan motif kawung, dibuat dari mulberry paper oleh mitra kami di Bali.",2310000,,,yes
SEED-SHOP-006,,Table runner — coral,Pelapis meja — coral,,,Textiles,"Mock seed product. Table runner with a coral motif, made of cotton by our Bali partners.","Produk seed tiruan. Pelapis meja dengan motif coral, dibuat dari cotton oleh mitra kami di Bali.",505000,,,yes
SEED-SHOP-006-1,SEED-SHOP-006,Table runner — coral,Pelapis meja — coral,Natural,Natural,Textiles,"Mock seed product. Table runner with a coral motif, made of cotton by our Bali partners.","Produk seed tiruan. Pelapis meja dengan motif coral, dibuat dari cotton oleh mitra kami di Bali.",505000,,,yes
SEED-SHOP-006-2,SEED-SHOP-006,Table runner — coral,Pelapis meja — coral,Indigo,Indigo,Textiles,"Mock seed product. Table runner with a coral motif, made of cotton by our Bali partners.","Produk seed tiruan. Pelapis meja dengan motif coral, dibuat dari cotton oleh mitra kami di Bali.",505000,,,yes
SEED-SHOP-007,,Greeting card set — kawung,Set kartu ucapan — kawung,,,Stationery,"Mock seed product. Greeting card set with a kawung motif, made of teak by our Bali partners.","Produk seed tiruan. Set kartu ucapan dengan motif kawung, dibuat dari teak oleh mitra kami di Bali.",2980000,,,yes
SEED-SHOP-008,,Island chart reproduction — coral,Reproduksi peta laut — coral,,,Map reproductions,"Mock seed product. Island chart reproduction with a coral motif, made of rattan by our Bali partners.","Produk seed tiruan. Reproduksi peta laut dengan motif coral, dibuat dari rattan oleh mitra kami di Bali.",770000,,,yes
SEED-SHOP-008-1,SEED-SHOP-008,Island chart reproduction — coral,Reproduksi peta laut — coral,50 × 70 cm,50 × 70 cm,Map reproductions,"Mock seed product. Island chart reproduction with a coral motif, made of rattan by our Bali partners.","Produk seed tiruan. Reproduksi peta laut dengan motif coral, dibuat dari rattan oleh mitra kami di Bali.",770000,,,yes
SEED-SHOP-009,,Island chart reproduction — coral,Reproduksi peta laut — coral,,,Map reproductions,"Mock seed product. Island chart reproduction with a coral motif, made of mulberry paper by our Bali partners.","Produk seed tiruan. Reproduksi peta laut dengan motif coral, dibuat dari mulberry paper oleh mitra kami di Bali.",460000,,,yes
SEED-SHOP-009-1,SEED-SHOP-009,Island chart reproduction — coral,Reproduksi peta laut — coral,50 × 70 cm,50 × 70 cm,Map reproductions,"Mock seed product. Island chart reproduction with a coral motif, made of mulberry paper by our Bali partners.","Produk seed tiruan. Reproduksi peta laut dengan motif coral, dibuat dari mulberry paper oleh mitra kami di Bali.",460000,,,yes
SEED-SHOP-010,,Map reproduction — wayang,Reproduksi peta — wayang,,,Map reproductions,"Mock seed product. Map reproduction with a wayang motif, made of teak by our Bali partners.","Produk seed tiruan. Reproduksi peta dengan motif wayang, dibuat dari teak oleh mitra kami di Bali.",4425000,,,yes
SEED-SHOP-010-1,SEED-SHOP-010,Map reproduction — wayang,Reproduksi peta — wayang,50 × 70 cm,50 × 70 cm,Map reproductions,"Mock seed product. Map reproduction with a wayang motif, made of teak by our Bali partners.","Produk seed tiruan. Reproduksi peta dengan motif wayang, dibuat dari teak oleh mitra kami di Bali.",4425000,,,yes
SEED-SHOP-010-2,SEED-SHOP-010,Map reproduction — wayang,Reproduksi peta — wayang,70 × 100 cm,70 × 100 cm,Map reproductions,"Mock seed product. Map reproduction with a wayang motif, made of teak by our Bali partners.","Produk seed tiruan. Reproduksi peta dengan motif wayang, dibuat dari teak oleh mitra kami di Bali.",4425000,,,yes
SEED-SHOP-011,,Batik sarong — frangipani,Sarung batik — frangipani,,,Textiles,"Mock seed product. Batik sarong with a frangipani motif, made of teak by our Bali partners.","Produk seed tiruan. Sarung batik dengan motif frangipani, dibuat dari teak oleh mitra kami di Bali.",4235000,,,yes
SEED-SHOP-011-1,SEED-SHOP-011,Batik sarong — frangipani,Sarung batik — frangipani,Indigo,Indigo,Textiles,"Mock seed product. Batik sarong with a frangipani motif, made of teak by our Bali partners.","Produk seed tiruan. Sarung batik dengan motif frangipani, dibuat dari teak oleh mitra kami di Bali.",4235000,,,yes
SEED-SHOP-011-2,SEED-SHOP-011,Batik sarong — frangipani,Sarung batik — frangipani,Sogan,Sogan,Textiles,"Mock seed product. Batik sarong with a frangipani motif, made of teak by our Bali partners.","Produk seed tiruan. Sarung batik dengan motif frangipani, dibuat dari teak oleh mitra kami di Bali.",4235000,,,yes
SEED-SHOP-012,,Notebook — rice terrace,Buku catatan — rice terrace,,,Stationery,"Mock seed product. Notebook with a rice terrace motif, made of teak by our Bali partners.","Produk seed tiruan. Buku catatan dengan motif rice terrace, dibuat dari teak oleh mitra kami di Bali.",2035000,,,yes
SEED-SHOP-012-1,SEED-SHOP-012,Notebook — rice terrace,Buku catatan — rice terrace,Plain,Plain,Stationery,"Mock seed product. Notebook with a rice terrace motif, made of teak by our Bali partners.","Produk seed tiruan. Buku catatan dengan motif rice terrace, dibuat dari teak oleh mitra kami di Bali.",2035000,,,yes
SEED-SHOP-012-2,SEED-SHOP-012,Notebook — rice terrace,Buku catatan — rice terrace,Dotted,Dotted,Stationery,"Mock seed product. Notebook with a rice terrace motif, made of teak by our Bali partners.","Produk seed tiruan. Buku catatan dengan motif rice terrace, dibuat dari teak oleh mitra kami di Bali.",2035000,,,yes
SEED-SHOP-013,,Bird print — wayang,Cetakan burung — wayang,,,Prints,"Mock seed product. Bird print with a wayang motif, made of cotton by our Bali partners.","Produk seed tiruan. Cetakan burung dengan motif wayang, dibuat dari cotton oleh mitra kami di Bali.",3815000,,,yes
SEED-SHOP-014,,Ikat throw — frangipani,Selimut ikat — frangipani,,,Textiles,"Mock seed product. Ikat throw with a frangipani motif, made of cotton by our Bali partners.","Produk seed tiruan. Selimut ikat dengan motif frangipani, dibuat dari cotton oleh mitra kami di Bali.",2335000,,,yes
SEED-SHOP-015,,Batik sarong — wayang,Sarung batik — wayang,,,Textiles,"Mock seed product. Batik sarong with a wayang motif, made of cotton by our Bali partners.","Produk seed tiruan. Sarung batik dengan motif wayang, dibuat dari cotton oleh mitra kami di Bali.",955000,,,yes
SEED-SHOP-015-1,SEED-SHOP-015,Batik sarong — wayang,Sarung batik — wayang,Indigo,Indigo,Textiles,"Mock seed product. Batik sarong with a wayang motif, made of cotton by our Bali partners.","Produk seed tiruan. Sarung batik dengan motif wayang, dibuat dari cotton oleh mitra kami di Bali.",955000,,,yes
SEED-SHOP-015-2,SEED-SHOP-015,Batik sarong — wayang,Sarung batik — wayang,Sogan,Sogan,Textiles,"Mock seed product. Batik sarong with a wayang motif, made of cotton by our Bali partners.","Produk seed tiruan. Sarung batik dengan motif wayang, dibuat dari cotton oleh mitra kami di Bali.",955000,,,yes
SEED-SHOP-016,,City plan reproduction — kawung,Reproduksi denah kota — kawung,,,Map reproductions,"Mock seed product. City plan reproduction with a kawung motif, made of cotton by our Bali partners.","Produk seed tiruan. Reproduksi denah kota dengan motif kawung, dibuat dari cotton oleh mitra kami di Bali.",1590000,,,yes
SEED-SHOP-017,,Postcard box — frangipani,Kotak kartu pos — frangipani,,,Gifts,"Mock seed product. Postcard box with a frangipani motif, made of rattan by our Bali partners.","Produk seed tiruan. Kotak kartu pos dengan motif frangipani, dibuat dari rattan oleh mitra kami di Bali.",2980000,,,yes
SEED-SHOP-018,,Rattan basket — coral,Keranjang rotan — coral,,,Homeware,"Mock seed product. Rattan basket with a coral motif, made of rattan by our Bali partners.","Produk seed tiruan. Keranjang rotan dengan motif coral, dibuat dari rattan oleh mitra kami di Bali.",1135000,,,yes
SEED-SHOP-019,,Orchid print — wayang,Cetakan anggrek — wayang,,,Prints,"Mock seed product. Orchid print with a wayang motif, made of rattan by our Bali partners.","Produk seed tiruan. Cetakan anggrek dengan motif wayang, dibuat dari rattan oleh mitra kami di Bali.",170000,,,yes
SEED-SHOP-019-1,SEED-SHOP-019,Orchid print — wayang,Cetakan anggrek — wayang,A3,A3,Prints,"Mock seed product. Orchid print with a wayang motif, made of rattan by our Bali partners.","Produk seed tiruan. Cetakan anggrek dengan motif wayang, dibuat dari rattan oleh mitra kami di Bali.",170000,,,yes
SEED-SHOP-019-2,SEED-SHOP-019,Orchid print — wayang,Cetakan anggrek — wayang,A2,A2,Prints,"Mock seed product. Orchid print with a wayang motif, made of rattan by our Bali partners.","Produk seed tiruan. Cetakan anggrek dengan motif wayang, dibuat dari rattan oleh mitra kami di Bali.",170000,,,yes
SEED-SHOP-020,,Bird print — coral,Cetakan burung — coral,,,Prints,"Mock seed product. Bird print with a coral motif, made of stoneware by our Bali partners.","Produk seed tiruan. Cetakan burung dengan motif coral, dibuat dari stoneware oleh mitra kami di Bali.",1020000,,,yes
SEED-SHOP-021,,City plan reproduction — rice terrace,Reproduksi denah kota — rice terrace,,,Map reproductions,"Mock seed product. City plan reproduction with a rice terrace motif, made of rattan by our Bali partners.","Produk seed tiruan. Reproduksi denah kota dengan motif rice terrace, dibuat dari rattan oleh mitra kami di Bali.",1870000,,,yes
SEED-SHOP-022,,Candle in ceramic cup — coral,Lilin dalam cangkir keramik — coral,,,Gifts,"Mock seed product. Candle in ceramic cup with a coral motif, made of teak by our Bali partners.","Produk seed tiruan. Lilin dalam cangkir keramik dengan motif coral, dibuat dari teak oleh mitra kami di Bali.",4295000,,,yes
SEED-SHOP-023,,Candle in ceramic cup — wayang,Lilin dalam cangkir keramik — wayang,,,Gifts,"Mock seed product. Candle in ceramic cup with a wayang motif, made of teak by our Bali partners.","Produk seed tiruan. Lilin dalam cangkir keramik dengan motif wayang, dibuat dari teak oleh mitra kami di Bali.",2440000,,,yes
SEED-SHOP-024,,Rattan basket — wayang,Keranjang rotan — wayang,,,Homeware,"Mock seed product. Rattan basket with a wayang motif, made of teak by our Bali partners.","Produk seed tiruan. Keranjang rotan dengan motif wayang, dibuat dari teak oleh mitra kami di Bali.",4430000,,,yes
SEED-SHOP-025,,Bird print — frangipani,Cetakan burung — frangipani,,,Prints,"Mock seed product. Bird print with a frangipani motif, made of mulberry paper by our Bali partners.","Produk seed tiruan. Cetakan burung dengan motif frangipani, dibuat dari mulberry paper oleh mitra kami di Bali.",3070000,,,yes
SEED-SHOP-026,,Table runner — rice terrace,Pelapis meja — rice terrace,,,Textiles,"Mock seed product. Table runner with a rice terrace motif, made of cotton by our Bali partners.","Produk seed tiruan. Pelapis meja dengan motif rice terrace, dibuat dari cotton oleh mitra kami di Bali.",385000,,,yes
SEED-SHOP-026-1,SEED-SHOP-026,Table runner — rice terrace,Pelapis meja — rice terrace,Natural,Natural,Textiles,"Mock seed product. Table runner with a rice terrace motif, made of cotton by our Bali partners.","Produk seed tiruan. Pelapis meja dengan motif rice terrace, dibuat dari cotton oleh mitra kami di Bali.",385000,,,yes
SEED-SHOP-026-2,SEED-SHOP-026,Table runner — rice terrace,Pelapis meja — rice terrace,Indigo,Indigo,Textiles,"Mock seed product. Table runner with a rice terrace motif, made of cotton by our Bali partners.","Produk seed tiruan. Pelapis meja dengan motif rice terrace, dibuat dari cotton oleh mitra kami di Bali.",385000,,,yes
SEED-SHOP-027,,Botanical print — wayang,Cetakan botani — wayang,,,Prints,"Mock seed product. Botanical print with a wayang motif, made of stoneware by our Bali partners.","Produk seed tiruan. Cetakan botani dengan motif wayang, dibuat dari stoneware oleh mitra kami di Bali.",3285000,,,yes
SEED-SHOP-027-1,SEED-SHOP-027,Botanical print — wayang,Cetakan botani — wayang,A3,A3,Prints,"Mock seed product. Botanical print with a wayang motif, made of stoneware by our Bali partners.","Produk seed tiruan. Cetakan botani dengan motif wayang, dibuat dari stoneware oleh mitra kami di Bali.",3285000,,,yes
SEED-SHOP-027-2,SEED-SHOP-027,Botanical print — wayang,Cetakan botani — wayang,A2,A2,Prints,"Mock seed product. Botanical print with a wayang motif, made of stoneware by our Bali partners.","Produk seed tiruan. Cetakan botani dengan motif wayang, dibuat dari stoneware oleh mitra kami di Bali.",3285000,,,yes
SEED-SHOP-028,,Soap bar gift box — wayang,Kotak sabun hadiah — wayang,,,Gifts,"Mock seed product. Soap bar gift box with a wayang motif, made of stoneware by our Bali partners.","Produk seed tiruan. Kotak sabun hadiah dengan motif wayang, dibuat dari stoneware oleh mitra kami di Bali.",3915000,,,yes
SEED-SHOP-029,,Wooden serving board — rice terrace,Papan saji kayu — rice terrace,,,Homeware,"Mock seed product. Wooden serving board with a rice terrace motif, made of teak by our Bali partners.","Produk seed tiruan. Papan saji kayu dengan motif rice terrace, dibuat dari teak oleh mitra kami di Bali.",3730000,,,yes
SEED-SHOP-030,,Postcard box — rice terrace,Kotak kartu pos — rice terrace,,,Gifts,"Mock seed product. Postcard box with a rice terrace motif, made of mulberry paper by our Bali partners.","Produk seed tiruan. Kotak kartu pos dengan motif rice terrace, dibuat dari mulberry paper oleh mitra kami di Bali.",950000,,,yes
SEED-SHOP-031,,Candle in ceramic cup — frangipani,Lilin dalam cangkir keramik — frangipani,,,Gifts,"Mock seed product. Candle in ceramic cup with a frangipani motif, made of mulberry paper by our Bali partners.","Produk seed tiruan. Lilin dalam cangkir keramik dengan motif frangipani, dibuat dari mulberry paper oleh mitra kami di Bali.",3715000,,,yes
SEED-SHOP-032,,Candle in ceramic cup — rice terrace,Lilin dalam cangkir keramik — rice terrace,,,Gifts,"Mock seed product. Candle in ceramic cup with a rice terrace motif, made of mulberry paper by our Bali partners.","Produk seed tiruan. Lilin dalam cangkir keramik dengan motif rice terrace, dibuat dari mulberry paper oleh mitra kami di Bali.",4025000,,,yes
SEED-SHOP-033,,Batik sarong — wayang,Sarung batik — wayang,,,Textiles,"Mock seed product. Batik sarong with a wayang motif, made of cotton by our Bali partners.","Produk seed tiruan. Sarung batik dengan motif wayang, dibuat dari cotton oleh mitra kami di Bali.",3500000,,,yes
SEED-SHOP-033-1,SEED-SHOP-033,Batik sarong — wayang,Sarung batik — wayang,Indigo,Indigo,Textiles,"Mock seed product. Batik sarong with a wayang motif, made of cotton by our Bali partners.","Produk seed tiruan. Sarung batik dengan motif wayang, dibuat dari cotton oleh mitra kami di Bali.",3500000,,,yes
SEED-SHOP-033-2,SEED-SHOP-033,Batik sarong — wayang,Sarung batik — wayang,Sogan,Sogan,Textiles,"Mock seed product. Batik sarong with a wayang motif, made of cotton by our Bali partners.","Produk seed tiruan. Sarung batik dengan motif wayang, dibuat dari cotton oleh mitra kami di Bali.",3500000,,,yes
SEED-SHOP-034,,Orchid print — coral,Cetakan anggrek — coral,,,Prints,"Mock seed product. Orchid print with a coral motif, made of cotton by our Bali partners.","Produk seed tiruan. Cetakan anggrek dengan motif coral, dibuat dari cotton oleh mitra kami di Bali.",3020000,,,yes
SEED-SHOP-034-1,SEED-SHOP-034,Orchid print — coral,Cetakan anggrek — coral,A3,A3,Prints,"Mock seed product. Orchid print with a coral motif, made of cotton by our Bali partners.","Produk seed tiruan. Cetakan anggrek dengan motif coral, dibuat dari cotton oleh mitra kami di Bali.",3020000,,,yes
SEED-SHOP-034-2,SEED-SHOP-034,Orchid print — coral,Cetakan anggrek — coral,A2,A2,Prints,"Mock seed product. Orchid print with a coral motif, made of cotton by our Bali partners.","Produk seed tiruan. Cetakan anggrek dengan motif coral, dibuat dari cotton oleh mitra kami di Bali.",3020000,,,yes
SEED-SHOP-035,,Botanical print — parang,Cetakan botani — parang,,,Prints,"Mock seed product. Botanical print with a parang motif, made of rattan by our Bali partners.","Produk seed tiruan. Cetakan botani dengan motif parang, dibuat dari rattan oleh mitra kami di Bali.",1450000,,,yes
SEED-SHOP-035-1,SEED-SHOP-035,Botanical print — parang,Cetakan botani — parang,A3,A3,Prints,"Mock seed product. Botanical print with a parang motif, made of rattan by our Bali partners.","Produk seed tiruan. Cetakan botani dengan motif parang, dibuat dari rattan oleh mitra kami di Bali.",1450000,,,yes
SEED-SHOP-035-2,SEED-SHOP-035,Botanical print — parang,Cetakan botani — parang,A2,A2,Prints,"Mock seed product. Botanical print with a parang motif, made of rattan by our Bali partners.","Produk seed tiruan. Cetakan botani dengan motif parang, dibuat dari rattan oleh mitra kami di Bali.",1450000,,,yes
SEED-SHOP-036,,Postcard box — wayang,Kotak kartu pos — wayang,,,Gifts,"Mock seed product. Postcard box with a wayang motif, made of mulberry paper by our Bali partners.","Produk seed tiruan. Kotak kartu pos dengan motif wayang, dibuat dari mulberry paper oleh mitra kami di Bali.",4335000,,,yes
SEED-SHOP-037,,Wrapping paper sheet — coral,Lembar kertas kado — coral,,,Stationery,"Mock seed product. Wrapping paper sheet with a coral motif, made of cotton by our Bali partners.","Produk seed tiruan. Lembar kertas kado dengan motif coral, dibuat dari cotton oleh mitra kami di Bali.",1705000,,,yes
SEED-SHOP-038,,Coconut bowl set — coral,Set mangkuk kelapa — coral,,,Homeware,"Mock seed product. Coconut bowl set with a coral motif, made of teak by our Bali partners.","Produk seed tiruan. Set mangkuk kelapa dengan motif coral, dibuat dari teak oleh mitra kami di Bali.",3480000,,,yes
SEED-SHOP-038-1,SEED-SHOP-038,Coconut bowl set — coral,Set mangkuk kelapa — coral,Set of 2,Set of 2,Homeware,"Mock seed product. Coconut bowl set with a coral motif, made of teak by our Bali partners.","Produk seed tiruan. Set mangkuk kelapa dengan motif coral, dibuat dari teak oleh mitra kami di Bali.",3480000,,,yes
SEED-SHOP-038-2,SEED-SHOP-038,Coconut bowl set — coral,Set mangkuk kelapa — coral,Set of 4,Set of 4,Homeware,"Mock seed product. Coconut bowl set with a coral motif, made of teak by our Bali partners.","Produk seed tiruan. Set mangkuk kelapa dengan motif coral, dibuat dari teak oleh mitra kami di Bali.",3480000,,,yes
SEED-SHOP-039,,Notebook — coral,Buku catatan — coral,,,Stationery,"Mock seed product. Notebook with a coral motif, made of cotton by our Bali partners.","Produk seed tiruan. Buku catatan dengan motif coral, dibuat dari cotton oleh mitra kami di Bali.",195000,,,yes
SEED-SHOP-039-1,SEED-SHOP-039,Notebook — coral,Buku catatan — coral,Plain,Plain,Stationery,"Mock seed product. Notebook with a coral motif, made of cotton by our Bali partners.","Produk seed tiruan. Buku catatan dengan motif coral, dibuat dari cotton oleh mitra kami di Bali.",195000,,,yes
SEED-SHOP-039-2,SEED-SHOP-039,Notebook — coral,Buku catatan — coral,Dotted,Dotted,Stationery,"Mock seed product. Notebook with a coral motif, made of cotton by our Bali partners.","Produk seed tiruan. Buku catatan dengan motif coral, dibuat dari cotton oleh mitra kami di Bali.",195000,,,yes
SEED-SHOP-040,,Postcard box — rice terrace,Kotak kartu pos — rice terrace,,,Gifts,"Mock seed product. Postcard box with a rice terrace motif, made of teak by our Bali partners.","Produk seed tiruan. Kotak kartu pos dengan motif rice terrace, dibuat dari teak oleh mitra kami di Bali.",345000,,,yes
SEED-SHOP-041,,Map reproduction — wayang,Reproduksi peta — wayang,,,Map reproductions,"Mock seed product. Map reproduction with a wayang motif, made of mulberry paper by our Bali partners.","Produk seed tiruan. Reproduksi peta dengan motif wayang, dibuat dari mulberry paper oleh mitra kami di Bali.",3045000,,,yes
SEED-SHOP-041-1,SEED-SHOP-041,Map reproduction — wayang,Reproduksi peta — wayang,50 × 70 cm,50 × 70 cm,Map reproductions,"Mock seed product. Map reproduction with a wayang motif, made of mulberry paper by our Bali partners.","Produk seed tiruan. Reproduksi peta dengan motif wayang, dibuat dari mulberry paper oleh mitra kami di Bali.",3045000,,,yes
SEED-SHOP-041-2,SEED-SHOP-041,Map reproduction — wayang,Reproduksi peta — wayang,70 × 100 cm,70 × 100 cm,Map reproductions,"Mock seed product. Map reproduction with a wayang motif, made of mulberry paper by our Bali partners.","Produk seed tiruan. Reproduksi peta dengan motif wayang, dibuat dari mulberry paper oleh mitra kami di Bali.",3045000,,,yes
SEED-SHOP-042,,Bird print — parang,Cetakan burung — parang,,,Prints,"Mock seed product. Bird print with a parang motif, made of mulberry paper by our Bali partners.","Produk seed tiruan. Cetakan burung dengan motif parang, dibuat dari mulberry paper oleh mitra kami di Bali.",560000,,,yes
SEED-SHOP-043,,Rattan basket — kawung,Keranjang rotan — kawung,,,Homeware,"Mock seed product. Rattan basket with a kawung motif, made of mulberry paper by our Bali partners.","Produk seed tiruan. Keranjang rotan dengan motif kawung, dibuat dari mulberry paper oleh mitra kami di Bali.",175000,,,yes
SEED-SHOP-044,,City plan reproduction — kawung,Reproduksi denah kota — kawung,,,Map reproductions,"Mock seed product. City plan reproduction with a kawung motif, made of teak by our Bali partners.","Produk seed tiruan. Reproduksi denah kota dengan motif kawung, dibuat dari teak oleh mitra kami di Bali.",1740000,,,yes
SEED-SHOP-045,,Orchid print — rice terrace,Cetakan anggrek — rice terrace,,,Prints,"Mock seed product. Orchid print with a rice terrace motif, made of mulberry paper by our Bali partners.","Produk seed tiruan. Cetakan anggrek dengan motif rice terrace, dibuat dari mulberry paper oleh mitra kami di Bali.",3715000,,,yes
SEED-SHOP-045-1,SEED-SHOP-045,Orchid print — rice terrace,Cetakan anggrek — rice terrace,A3,A3,Prints,"Mock seed product. Orchid print with a rice terrace motif, made of mulberry paper by our Bali partners.","Produk seed tiruan. Cetakan anggrek dengan motif rice terrace, dibuat dari mulberry paper oleh mitra kami di Bali.",3715000,,,yes
SEED-SHOP-045-2,SEED-SHOP-045,Orchid print — rice terrace,Cetakan anggrek — rice terrace,A2,A2,Prints,"Mock seed product. Orchid print with a rice terrace motif, made of mulberry paper by our Bali partners.","Produk seed tiruan. Cetakan anggrek dengan motif rice terrace, dibuat dari mulberry paper oleh mitra kami di Bali.",3715000,,,yes
SEED-SHOP-046,,Greeting card set — rice terrace,Set kartu ucapan — rice terrace,,,Stationery,"Mock seed product. Greeting card set with a rice terrace motif, made of stoneware by our Bali partners.","Produk seed tiruan. Set kartu ucapan dengan motif rice terrace, dibuat dari stoneware oleh mitra kami di Bali.",4245000,,,yes
SEED-SHOP-047,,Wrapping paper sheet — frangipani,Lembar kertas kado — frangipani,,,Stationery,"Mock seed product. Wrapping paper sheet with a frangipani motif, made of teak by our Bali partners.","Produk seed tiruan. Lembar kertas kado dengan motif frangipani, dibuat dari teak oleh mitra kami di Bali.",1575000,,,yes
SEED-SHOP-048,,Candle in ceramic cup — frangipani,Lilin dalam cangkir keramik — frangipani,,,Gifts,"Mock seed product. Candle in ceramic cup with a frangipani motif, made of stoneware by our Bali partners.","Produk seed tiruan. Lilin dalam cangkir keramik dengan motif frangipani, dibuat dari stoneware oleh mitra kami di Bali.",4000000,,,yes
SEED-SHOP-049,,Map reproduction — parang,Reproduksi peta — parang,,,Map reproductions,"Mock seed product. Map reproduction with a parang motif, made of rattan by our Bali partners.","Produk seed tiruan. Reproduksi peta dengan motif parang, dibuat dari rattan oleh mitra kami di Bali.",385000,,,yes
SEED-SHOP-049-1,SEED-SHOP-049,Map reproduction — parang,Reproduksi peta — parang,50 × 70 cm,50 × 70 cm,Map reproductions,"Mock seed product. Map reproduction with a parang motif, made of rattan by our Bali partners.","Produk seed tiruan. Reproduksi peta dengan motif parang, dibuat dari rattan oleh mitra kami di Bali.",385000,,,yes
SEED-SHOP-049-2,SEED-SHOP-049,Map reproduction — parang,Reproduksi peta — parang,70 × 100 cm,70 × 100 cm,Map reproductions,"Mock seed product. Map reproduction with a parang motif, made of rattan by our Bali partners.","Produk seed tiruan. Reproduksi peta dengan motif parang, dibuat dari rattan oleh mitra kami di Bali.",385000,,,yes
SEED-SHOP-050,,Orchid print — kawung,Cetakan anggrek — kawung,,,Prints,"Mock seed product. Orchid print with a kawung motif, made of mulberry paper by our Bali partners.","Produk seed tiruan. Cetakan anggrek dengan motif kawung, dibuat dari mulberry paper oleh mitra kami di Bali.",1535000,,,yes
SEED-SHOP-050-1,SEED-SHOP-050,Orchid print — kawung,Cetakan anggrek — kawung,A3,A3,Prints,"Mock seed product. Orchid print with a kawung motif, made of mulberry paper by our Bali partners.","Produk seed tiruan. Cetakan anggrek dengan motif kawung, dibuat dari mulberry paper oleh mitra kami di Bali.",1535000,,,yes
SEED-SHOP-050-2,SEED-SHOP-050,Orchid print — kawung,Cetakan anggrek — kawung,A2,A2,Prints,"Mock seed product. Orchid print with a kawung motif, made of mulberry paper by our Bali partners.","Produk seed tiruan. Cetakan anggrek dengan motif kawung, dibuat dari mulberry paper oleh mitra kami di Bali.",1535000,,,yes
SEED-SHOP-051,,Greeting card set — coral,Set kartu ucapan — coral,,,Stationery,"Mock seed product. Greeting card set with a coral motif, made of teak by our Bali partners.","Produk seed tiruan. Set kartu ucapan dengan motif coral, dibuat dari teak oleh mitra kami di Bali.",1630000,,,yes
SEED-SHOP-052,,Orchid print — rice terrace,Cetakan anggrek — rice terrace,,,Prints,"Mock seed product. Orchid print with a rice terrace motif, made of stoneware by our Bali partners.","Produk seed tiruan. Cetakan anggrek dengan motif rice terrace, dibuat dari stoneware oleh mitra kami di Bali.",75000,,,yes
SEED-SHOP-052-1,SEED-SHOP-052,Orchid print — rice terrace,Cetakan anggrek — rice terrace,A3,A3,Prints,"Mock seed product. Orchid print with a rice terrace motif, made of stoneware by our Bali partners.","Produk seed tiruan. Cetakan anggrek dengan motif rice terrace, dibuat dari stoneware oleh mitra kami di Bali.",75000,,,yes
SEED-SHOP-052-2,SEED-SHOP-052,Orchid print — rice terrace,Cetakan anggrek — rice terrace,A2,A2,Prints,"Mock seed product. Orchid print with a rice terrace motif, made of stoneware by our Bali partners.","Produk seed tiruan. Cetakan anggrek dengan motif rice terrace, dibuat dari stoneware oleh mitra kami di Bali.",75000,,,yes
SEED-SHOP-053,,City plan reproduction — parang,Reproduksi denah kota — parang,,,Map reproductions,"Mock seed product. City plan reproduction with a parang motif, made of mulberry paper by our Bali partners.","Produk seed tiruan. Reproduksi denah kota dengan motif parang, dibuat dari mulberry paper oleh mitra kami di Bali.",2860000,,,yes
SEED-SHOP-054,,Notebook — frangipani,Buku catatan — frangipani,,,Stationery,"Mock seed product. Notebook with a frangipani motif, made of stoneware by our Bali partners.","Produk seed tiruan. Buku catatan dengan motif frangipani, dibuat dari stoneware oleh mitra kami di Bali.",3575000,,,yes
SEED-SHOP-054-1,SEED-SHOP-054,Notebook — frangipani,Buku catatan — frangipani,Plain,Plain,Stationery,"Mock seed product. Notebook with a frangipani motif, made of stoneware by our Bali partners.","Produk seed tiruan. Buku catatan dengan motif frangipani, dibuat dari stoneware oleh mitra kami di Bali.",3575000,,,yes
SEED-SHOP-054-2,SEED-SHOP-054,Notebook — frangipani,Buku catatan — frangipani,Dotted,Dotted,Stationery,"Mock seed product. Notebook with a frangipani motif, made of stoneware by our Bali partners.","Produk seed tiruan. Buku catatan dengan motif frangipani, dibuat dari stoneware oleh mitra kami di Bali.",3575000,,,yes
SEED-SHOP-055,,Greeting card set — coral,Set kartu ucapan — coral,,,Stationery,"Mock seed product. Greeting card set with a coral motif, made of mulberry paper by our Bali partners.","Produk seed tiruan. Set kartu ucapan dengan motif coral, dibuat dari mulberry paper oleh mitra kami di Bali.",4000000,,,yes
SEED-SHOP-056,,Coconut bowl set — parang,Set mangkuk kelapa — parang,,,Homeware,"Mock seed product. Coconut bowl set with a parang motif, made of mulberry paper by our Bali partners.","Produk seed tiruan. Set mangkuk kelapa dengan motif parang, dibuat dari mulberry paper oleh mitra kami di Bali.",2240000,,,yes
SEED-SHOP-056-1,SEED-SHOP-056,Coconut bowl set — parang,Set mangkuk kelapa — parang,Set of 2,Set of 2,Homeware,"Mock seed product. Coconut bowl set with a parang motif, made of mulberry paper by our Bali partners.","Produk seed tiruan. Set mangkuk kelapa dengan motif parang, dibuat dari mulberry paper oleh mitra kami di Bali.",2240000,,,yes
SEED-SHOP-056-2,SEED-SHOP-056,Coconut bowl set — parang,Set mangkuk kelapa — parang,Set of 4,Set of 4,Homeware,"Mock seed product. Coconut bowl set with a parang motif, made of mulberry paper by our Bali partners.","Produk seed tiruan. Set mangkuk kelapa dengan motif parang, dibuat dari mulberry paper oleh mitra kami di Bali.",2240000,,,yes
SEED-SHOP-057,,Batik sarong — wayang,Sarung batik — wayang,,,Textiles,"Mock seed product. Batik sarong with a wayang motif, made of teak by our Bali partners.","Produk seed tiruan. Sarung batik dengan motif wayang, dibuat dari teak oleh mitra kami di Bali.",1045000,,,yes
SEED-SHOP-057-1,SEED-SHOP-057,Batik sarong — wayang,Sarung batik — wayang,Indigo,Indigo,Textiles,"Mock seed product. Batik sarong with a wayang motif, made of teak by our Bali partners.","Produk seed tiruan. Sarung batik dengan motif wayang, dibuat dari teak oleh mitra kami di Bali.",1045000,,,yes
SEED-SHOP-057-2,SEED-SHOP-057,Batik sarong — wayang,Sarung batik — wayang,Sogan,Sogan,Textiles,"Mock seed product. Batik sarong with a wayang motif, made of teak by our Bali partners.","Produk seed tiruan. Sarung batik dengan motif wayang, dibuat dari teak oleh mitra kami di Bali.",1045000,,,yes
SEED-SHOP-058,,City plan reproduction — kawung,Reproduksi denah kota — kawung,,,Map reproductions,"Mock seed product. City plan reproduction with a kawung motif, made of teak by our Bali partners.","Produk seed tiruan. Reproduksi denah kota dengan motif kawung, dibuat dari teak oleh mitra kami di Bali.",3020000,,,yes
SEED-SHOP-059,,Postcard box — coral,Kotak kartu pos — coral,,,Gifts,"Mock seed product. Postcard box with a coral motif, made of teak by our Bali partners.","Produk seed tiruan. Kotak kartu pos dengan motif coral, dibuat dari teak oleh mitra kami di Bali.",4150000,,,yes
SEED-SHOP-060,,City plan reproduction — coral,Reproduksi denah kota — coral,,,Map reproductions,"Mock seed product. City plan reproduction with a coral motif, made of cotton by our Bali partners.","Produk seed tiruan. Reproduksi denah kota dengan motif coral, dibuat dari cotton oleh mitra kami di Bali.",140000,,,yes
SEED-SHOP-061,,Bird print — parang,Cetakan burung — parang,,,Prints,"Mock seed product. Bird print with a parang motif, made of teak by our Bali partners.","Produk seed tiruan. Cetakan burung dengan motif parang, dibuat dari teak oleh mitra kami di Bali.",805000,,,yes
SEED-SHOP-062,,Ikat throw — coral,Selimut ikat — coral,,,Textiles,"Mock seed product. Ikat throw with a coral motif, made of cotton by our Bali partners.","Produk seed tiruan. Selimut ikat dengan motif coral, dibuat dari cotton oleh mitra kami di Bali.",1560000,,,yes
SEED-SHOP-063,,Orchid print — kawung,Cetakan anggrek — kawung,,,Prints,"Mock seed product. Orchid print with a kawung motif, made of teak by our Bali partners.","Produk seed tiruan. Cetakan anggrek dengan motif kawung, dibuat dari teak oleh mitra kami di Bali.",3500000,,,yes
SEED-SHOP-063-1,SEED-SHOP-063,Orchid print — kawung,Cetakan anggrek — kawung,A3,A3,Prints,"Mock seed product. Orchid print with a kawung motif, made of teak by our Bali partners.","Produk seed tiruan. Cetakan anggrek dengan motif kawung, dibuat dari teak oleh mitra kami di Bali.",3500000,,,yes
SEED-SHOP-063-2,SEED-SHOP-063,Orchid print — kawung,Cetakan anggrek — kawung,A2,A2,Prints,"Mock seed product. Orchid print with a kawung motif, made of teak by our Bali partners.","Produk seed tiruan. Cetakan anggrek dengan motif kawung, dibuat dari teak oleh mitra kami di Bali.",3500000,,,yes
SEED-SHOP-064,,Bird print — parang,Cetakan burung — parang,,,Prints,"Mock seed product. Bird print with a parang motif, made of stoneware by our Bali partners.","Produk seed tiruan. Cetakan burung dengan motif parang, dibuat dari stoneware oleh mitra kami di Bali.",3100000,,,yes
SEED-SHOP-065,,Postcard box — coral,Kotak kartu pos — coral,,,Gifts,"Mock seed product. Postcard box with a coral motif, made of mulberry paper by our Bali partners.","Produk seed tiruan. Kotak kartu pos dengan motif coral, dibuat dari mulberry paper oleh mitra kami di Bali.",2810000,,,yes
SEED-SHOP-066,,City plan reproduction — parang,Reproduksi denah kota — parang,,,Map reproductions,"Mock seed product. City plan reproduction with a parang motif, made of rattan by our Bali partners.","Produk seed tiruan. Reproduksi denah kota dengan motif parang, dibuat dari rattan oleh mitra kami di Bali.",2000000,,,yes
SEED-SHOP-067,,Ikat throw — coral,Selimut ikat — coral,,,Textiles,"Mock seed product. Ikat throw with a coral motif, made of cotton by our Bali partners.","Produk seed tiruan. Selimut ikat dengan motif coral, dibuat dari cotton oleh mitra kami di Bali.",2510000,,,yes
SEED-SHOP-068,,Botanical print — wayang,Cetakan botani — wayang,,,Prints,"Mock seed product. Botanical print with a wayang motif, made of cotton by our Bali partners.","Produk seed tiruan. Cetakan botani dengan motif wayang, dibuat dari cotton oleh mitra kami di Bali.",3300000,,,yes
SEED-SHOP-068-1,SEED-SHOP-068,Botanical print — wayang,Cetakan botani — wayang,A3,A3,Prints,"Mock seed product. Botanical print with a wayang motif, made of cotton by our Bali partners.","Produk seed tiruan. Cetakan botani dengan motif wayang, dibuat dari cotton oleh mitra kami di Bali.",3300000,,,yes
SEED-SHOP-068-2,SEED-SHOP-068,Botanical print — wayang,Cetakan botani — wayang,A2,A2,Prints,"Mock seed product. Botanical print with a wayang motif, made of cotton by our Bali partners.","Produk seed tiruan. Cetakan botani dengan motif wayang, dibuat dari cotton oleh mitra kami di Bali.",3300000,,,yes
SEED-SHOP-069,,Map reproduction — wayang,Reproduksi peta — wayang,,,Map reproductions,"Mock seed product. Map reproduction with a wayang motif, made of teak by our Bali partners.","Produk seed tiruan. Reproduksi peta dengan motif wayang, dibuat dari teak oleh mitra kami di Bali.",4245000,,,yes
SEED-SHOP-069-1,SEED-SHOP-069,Map reproduction — wayang,Reproduksi peta — wayang,50 × 70 cm,50 × 70 cm,Map reproductions,"Mock seed product. Map reproduction with a wayang motif, made of teak by our Bali partners.","Produk seed tiruan. Reproduksi peta dengan motif wayang, dibuat dari teak oleh mitra kami di Bali.",4245000,,,yes
SEED-SHOP-069-2,SEED-SHOP-069,Map reproduction — wayang,Reproduksi peta — wayang,70 × 100 cm,70 × 100 cm,Map reproductions,"Mock seed product. Map reproduction with a wayang motif, made of teak by our Bali partners.","Produk seed tiruan. Reproduksi peta dengan motif wayang, dibuat dari teak oleh mitra kami di Bali.",4245000,,,yes
SEED-SHOP-070,,Orchid print — kawung,Cetakan anggrek — kawung,,,Prints,"Mock seed product. Orchid print with a kawung motif, made of stoneware by our Bali partners.","Produk seed tiruan. Cetakan anggrek dengan motif kawung, dibuat dari stoneware oleh mitra kami di Bali.",1240000,,,yes
SEED-SHOP-070-1,SEED-SHOP-070,Orchid print — kawung,Cetakan anggrek — kawung,A3,A3,Prints,"Mock seed product. Orchid print with a kawung motif, made of stoneware by our Bali partners.","Produk seed tiruan. Cetakan anggrek dengan motif kawung, dibuat dari stoneware oleh mitra kami di Bali.",1240000,,,yes
SEED-SHOP-070-2,SEED-SHOP-070,Orchid print — kawung,Cetakan anggrek — kawung,A2,A2,Prints,"Mock seed product. Orchid print with a kawung motif, made of stoneware by our Bali partners.","Produk seed tiruan. Cetakan anggrek dengan motif kawung, dibuat dari stoneware oleh mitra kami di Bali.",1240000,,,yes
SEED-SHOP-071,,Ikat throw — parang,Selimut ikat — parang,,,Textiles,"Mock seed product. Ikat throw with a parang motif, made of mulberry paper by our Bali partners.","Produk seed tiruan. Selimut ikat dengan motif parang, dibuat dari mulberry paper oleh mitra kami di Bali.",3450000,,,yes
SEED-SHOP-072,,Coconut bowl set — coral,Set mangkuk kelapa — coral,,,Homeware,"Mock seed product. Coconut bowl set with a coral motif, made of teak by our Bali partners.","Produk seed tiruan. Set mangkuk kelapa dengan motif coral, dibuat dari teak oleh mitra kami di Bali.",2555000,,,yes
SEED-SHOP-072-1,SEED-SHOP-072,Coconut bowl set — coral,Set mangkuk kelapa — coral,Set of 2,Set of 2,Homeware,"Mock seed product. Coconut bowl set with a coral motif, made of teak by our Bali partners.","Produk seed tiruan. Set mangkuk kelapa dengan motif coral, dibuat dari teak oleh mitra kami di Bali.",2555000,,,yes
SEED-SHOP-072-2,SEED-SHOP-072,Coconut bowl set — coral,Set mangkuk kelapa — coral,Set of 4,Set of 4,Homeware,"Mock seed product. Coconut bowl set with a coral motif, made of teak by our Bali partners.","Produk seed tiruan. Set mangkuk kelapa dengan motif coral, dibuat dari teak oleh mitra kami di Bali.",2555000,,,yes
SEED-SHOP-073,,Notebook — frangipani,Buku catatan — frangipani,,,Stationery,"Mock seed product. Notebook with a frangipani motif, made of rattan by our Bali partners.","Produk seed tiruan. Buku catatan dengan motif frangipani, dibuat dari rattan oleh mitra kami di Bali.",1245000,,,yes
SEED-SHOP-073-1,SEED-SHOP-073,Notebook — frangipani,Buku catatan — frangipani,Plain,Plain,Stationery,"Mock seed product. Notebook with a frangipani motif, made of rattan by our Bali partners.","Produk seed tiruan. Buku catatan dengan motif frangipani, dibuat dari rattan oleh mitra kami di Bali.",1245000,,,yes
SEED-SHOP-073-2,SEED-SHOP-073,Notebook — frangipani,Buku catatan — frangipani,Dotted,Dotted,Stationery,"Mock seed product. Notebook with a frangipani motif, made of rattan by our Bali partners.","Produk seed tiruan. Buku catatan dengan motif frangipani, dibuat dari rattan oleh mitra kami di Bali.",1245000,,,yes
SEED-SHOP-074,,Orchid print — coral,Cetakan anggrek — coral,,,Prints,"Mock seed product. Orchid print with a coral motif, made of cotton by our Bali partners.","Produk seed tiruan. Cetakan anggrek dengan motif coral, dibuat dari cotton oleh mitra kami di Bali.",3535000,,,yes
SEED-SHOP-074-1,SEED-SHOP-074,Orchid print — coral,Cetakan anggrek — coral,A3,A3,Prints,"Mock seed product. Orchid print with a coral motif, made of cotton by our Bali partners.","Produk seed tiruan. Cetakan anggrek dengan motif coral, dibuat dari cotton oleh mitra kami di Bali.",3535000,,,yes
SEED-SHOP-074-2,SEED-SHOP-074,Orchid print — coral,Cetakan anggrek — coral,A2,A2,Prints,"Mock seed product. Orchid print with a coral motif, made of cotton by our Bali partners.","Produk seed tiruan. Cetakan anggrek dengan motif coral, dibuat dari cotton oleh mitra kami di Bali.",3535000,,,yes
SEED-SHOP-075,,Bird print — parang,Cetakan burung — parang,,,Prints,"Mock seed product. Bird print with a parang motif, made of mulberry paper by our Bali partners.","Produk seed tiruan. Cetakan burung dengan motif parang, dibuat dari mulberry paper oleh mitra kami di Bali.",4320000,,,yes
SEED-SHOP-076,,Island chart reproduction — wayang,Reproduksi peta laut — wayang,,,Map reproductions,"Mock seed product. Island chart reproduction with a wayang motif, made of teak by our Bali partners.","Produk seed tiruan. Reproduksi peta laut dengan motif wayang, dibuat dari teak oleh mitra kami di Bali.",4005000,,,yes
SEED-SHOP-076-1,SEED-SHOP-076,Island chart reproduction — wayang,Reproduksi peta laut — wayang,50 × 70 cm,50 × 70 cm,Map reproductions,"Mock seed product. Island chart reproduction with a wayang motif, made of teak by our Bali partners.","Produk seed tiruan. Reproduksi peta laut dengan motif wayang, dibuat dari teak oleh mitra kami di Bali.",4005000,,,yes
SEED-SHOP-077,,City plan reproduction — parang,Reproduksi denah kota — parang,,,Map reproductions,"Mock seed product. City plan reproduction with a parang motif, made of mulberry paper by our Bali partners.","Produk seed tiruan. Reproduksi denah kota dengan motif parang, dibuat dari mulberry paper oleh mitra kami di Bali.",2785000,,,yes
SEED-SHOP-078,,Candle in ceramic cup — rice terrace,Lilin dalam cangkir keramik — rice terrace,,,Gifts,"Mock seed product. Candle in ceramic cup with a rice terrace motif, made of mulberry paper by our Bali partners.","Produk seed tiruan. Lilin dalam cangkir keramik dengan motif rice terrace, dibuat dari mulberry paper oleh mitra kami di Bali.",2810000,,,yes
SEED-SHOP-079,,Table runner — parang,Pelapis meja — parang,,,Textiles,"Mock seed product. Table runner with a parang motif, made of stoneware by our Bali partners.","Produk seed tiruan. Pelapis meja dengan motif parang, dibuat dari stoneware oleh mitra kami di Bali.",3845000,,,yes
SEED-SHOP-079-1,SEED-SHOP-079,Table runner — parang,Pelapis meja — parang,Natural,Natural,Textiles,"Mock seed product. Table runner with a parang motif, made of stoneware by our Bali partners.","Produk seed tiruan. Pelapis meja dengan motif parang, dibuat dari stoneware oleh mitra kami di Bali.",3845000,,,yes
SEED-SHOP-079-2,SEED-SHOP-079,Table runner — parang,Pelapis meja — parang,Indigo,Indigo,Textiles,"Mock seed product. Table runner with a parang motif, made of stoneware by our Bali partners.","Produk seed tiruan. Pelapis meja dengan motif parang, dibuat dari stoneware oleh mitra kami di Bali.",3845000,,,yes
SEED-SHOP-080,,Island chart reproduction — wayang,Reproduksi peta laut — wayang,,,Map reproductions,"Mock seed product. Island chart reproduction with a wayang motif, made of mulberry paper by our Bali partners.","Produk seed tiruan. Reproduksi peta laut dengan motif wayang, dibuat dari mulberry paper oleh mitra kami di Bali.",3050000,,,yes
SEED-SHOP-080-1,SEED-SHOP-080,Island chart reproduction — wayang,Reproduksi peta laut — wayang,50 × 70 cm,50 × 70 cm,Map reproductions,"Mock seed product. Island chart reproduction with a wayang motif, made of mulberry paper by our Bali partners.","Produk seed tiruan. Reproduksi peta laut dengan motif wayang, dibuat dari mulberry paper oleh mitra kami di Bali.",3050000,,,yes
