store_code,name,address,area,lat,lng,whatsapp,hours_en,hours_id,active,public
DPS-001,"Seed store, Denpasar 001","Mock address (seed) — Jl. Contoh No. 68, Denpasar",Denpasar,-8.651207,115.221793,+6286162333148,Mon–Sun 09:00–21:00,Sen–Min 09.00–21.00,yes,yes
DPS-002,"Seed store, Denpasar 002","Mock address (seed) — Jl. Contoh No. 86, Denpasar",Denpasar,-8.65917,115.193786,+6283898229791,Mon–Sun 09:00–21:00,Sen–Min 09.00–21.00,yes,yes
DPS-003,"Seed store, Denpasar 003","Mock address (seed) — Jl. Contoh No. 46, Denpasar",Denpasar,-8.682771,115.185463,+6285354890689,Mon–Sun 09:00–21:00,Sen–Min 09.00–21.00,yes,yes
DPS-004,"Seed store, Denpasar 004","Mock address (seed) — Jl. Contoh No. 87, Denpasar",Denpasar,-8.690738,115.185504,+6283929314884,Mon–Sun 09:00–21:00,Sen–Min 09.00–21.00,yes,no
DPS-005,"Seed store, Denpasar 005","Mock address (seed) — Jl. Contoh No. 62, Denpasar",Denpasar,-8.679504,115.184975,+6286525424255,Mon–Sun 09:00–21:00,Sen–Min 09.00–21.00,yes,yes
DPS-006,"Seed store, Denpasar 006","Mock address (seed) — Jl. Contoh No. 54, Denpasar",Denpasar,-8.664826,115.222639,+6288966641669,Mon–Sun 09:00–21:00,Sen–Min 09.00–21.00,yes,yes
DPS-007,"Seed store, Denpasar 007","Mock address (seed) — Jl. Contoh No. 73, Denpasar",Denpasar,-8.65306,115.207923,+6281544498891,Mon–Sun 09:00–21:00,Sen–Min 09.00–21.00,yes,no
DPS-008,"Seed store, Denpasar 008","Mock address (seed) — Jl. Contoh No. 27, Denpasar",Denpasar,-8.681043,115.219677,+6284980780523,Mon–Sun 09:00–21:00,Sen–Min 09.00–21.00,yes,yes
UBD-001,"Seed store, Ubud 001","Mock address (seed) — Jl. Contoh No. 41, Ubud",Ubud,-8.531872,115.250754,+6282950545189,Mon–Sun 09:00–21:00,Sen–Min 09.00–21.00,yes,yes
UBD-002,"Seed store, Ubud 002","Mock address (seed) — Jl. Contoh No. 17, Ubud",Ubud,-8.520978,115.253208,+6286012335483,Mon–Sun 09:00–21:00,Sen–Min 09.00–21.00,yes,yes
UBD-003,"Seed store, Ubud 003","Mock address (seed) — Jl. Contoh No. 21, Ubud",Ubud,-8.487914,115.269646,+6288313722625,Mon–Sun 09:00–21:00,Sen–Min 09.00–21.00,yes,yes
UBD-004,"Seed store, Ubud 004","Mock address (seed) — Jl. Contoh No. 40, Ubud",Ubud,-8.485102,115.238992,+6281084074351,Mon–Sun 09:00–21:00,Sen–Min 09.00–21.00,yes,yes
UBD-005,"Seed store, Ubud 005","Mock address (seed) — Jl. Contoh No. 28, Ubud",Ubud,-8.491401,115.278316,+6287812395542,Mon–Sun 09:00–21:00,Sen–Min 09.00–21.00,yes,yes
UBD-006,"Seed store, Ubud 006","Mock address (seed) — Jl. Contoh No. 73, Ubud",Ubud,-8.47764,115.24419,+6287687608574,Mon–Sun 09:00–21:00,Sen–Min 09.00–21.00,yes,yes
UBD-007,"Seed store, Ubud 007","Mock address (seed) — Jl. Contoh No. 69, Ubud",Ubud,-8.491478,115.251949,+6288711876629,Mon–Sun 09:00–21:00,Sen–Min 09.00–21.00,yes,yes
UBD-008,"Seed store, Ubud 008","Mock address (seed) — Jl. Contoh No. 49, Ubud",Ubud,-8.518921,115.259833,+6281244955391,Mon–Sun 09:00–21:00,Sen–Min 09.00–21.00,yes,yes
CGU-001,"Seed store, Canggu 001","Mock address (seed) — Jl. Contoh No. 49, Canggu",Canggu,-8.652545,115.146352,+6285110474906,Mon–Sun 09:00–21:00,Sen–Min 09.00–21.00,yes,yes
CGU-002,"Seed store, Canggu 002","Mock address (seed) — Jl. Contoh No. 22, Canggu",Canggu,-8.640966,115.115187,+6281479349080,Mon–Sun 09:00–21:00,Sen–Min 09.00–21.00,yes,yes
CGU-003,"Seed store, Canggu 003","Mock address (seed) — Jl. Contoh No. 82, Canggu",Canggu,-8.632054,115.125691,+6287859292141,Mon–Sun 09:00–21:00,Sen–Min 09.00–21.00,yes,yes
CGU-004,"Seed store, Canggu 004","Mock address (seed) — Jl. Contoh No. 87, Canggu",Canggu,-8.670272,115.16665,+6284447777289,Mon–Sun 09:00–21:00,Sen–Min 09.00–21.00,yes,yes
CGU-005,"Seed store, Canggu 005","Mock address (seed) — Jl. Contoh No. 35, Canggu",Canggu,-8.647773,115.13307,+6284065622990,Mon–Sun 09:00–21:00,Sen–Min 09.00–21.00,yes,yes
CGU-006,"Seed store, Canggu 006","Mock address (seed) — Jl. Contoh No. 43, Canggu",Canggu,-8.625092,115.124541,+6287614558315,Mon–Sun 09:00–21:00,Sen–Min 09.00–21.00,yes,yes
CGU-007,"Seed store, Canggu 007","Mock address (seed) — Jl. Contoh No. 16, Canggu",Canggu,-8.627637,115.140263,+6283643827089,Mon–Sun 09:00–21:00,Sen–Min 09.00–21.00,yes,no
CGU-008,"Seed store, Canggu 008","Mock address (seed) — Jl. Contoh No. 11, Canggu",Canggu,-8.647913,115.161405,+6288655964777,Mon–Sun 09:00–21:00,Sen–Min 09.00–21.00,yes,yes
SMY-001,"Seed store, Seminyak 001","Mock address (seed) — Jl. Contoh No. 70, Seminyak",Seminyak,-8.680787,115.151958,+6288778197554,Mon–Sun 09:00–21:00,Sen–Min 09.00–21.00,yes,yes
SMY-002,"Seed store, Seminyak 002","Mock address (seed) — Jl. Contoh No. 77, Seminyak",Seminyak,-8.667501,115.176934,+6282988458663,Mon–Sun 09:00–21:00,Sen–Min 09.00–21.00,yes,yes
SMY-003,"Seed store, Seminyak 003","Mock address (seed) — Jl. Contoh No. 69, Seminyak",Seminyak,-8.718929,115.183972,+6284140879723,Mon–Sun 09:00–21:00,Sen–Min 09.00–21.00,yes,yes
SMY-004,"Seed store, Seminyak 004","Mock address (seed) — Jl. Contoh No. 24, Seminyak",Seminyak,-8.702479,115.172919,+6281632028145,Mon–Sun 09:00–21:00,Sen–Min 09.00–21.00,yes,yes
SMY-005,"Seed store, Seminyak 005","Mock address (seed) — Jl. Contoh No. 15, Seminyak",Seminyak,-8.709401,115.145684,+6283262600096,Mon–Sun 09:00–21:00,Sen–Min 09.00–21.00,no,yes
SMY-006,"Seed store, Seminyak 006","Mock address (seed) — Jl. Contoh No. 39, Seminyak",Seminyak,-8.713059,115.129451,+6281346748772,Mon–Sun 09:00–21:00,Sen–Min 09.00–21.00,yes,yes
SMY-007,"Seed store, Seminyak 007","Mock address (seed) — Jl. Contoh No. 83, Seminyak",Seminyak,-8.66577,115.146925,+6282113127265,Mon–Sun 09:00–21:00,Sen–Min 09.00–21.00,yes,no
SMY-008,"Seed store, Seminyak 008","Mock address (seed) — Jl. Contoh No. 73, Seminyak",Seminyak,-8.701617,115.153373,+6285297930450,Mon–Sun 09:00–21:00,Sen–Min 09.00–21.00,yes,yes
SNR-001,"Seed store, Sanur 001","Mock address (seed) — Jl. Contoh No. 73, Sanur",Sanur,-8.659468,115.271145,+6282144675789,Mon–Sun 09:00–21:00,Sen–Min 09.00–21.00,yes,yes
SNR-002,"Seed store, Sanur 002","Mock address (seed) — Jl. Contoh No. 65, Sanur",Sanur,-8.671095,115.242955,+6282385964632,Mon–Sun 09:00–21:00,Sen–Min 09.00–21.00,yes,yes
SNR-003,"Seed store, Sanur 003","Mock address (seed) — Jl. Contoh No. 38, Sanur",Sanur,-8.692457,115.23878,+6281528656912,Mon–Sun 09:00–21:00,Sen–Min 09.00–21.00,yes,yes
SNR-004,"Seed store, Sanur 004","Mock address (seed) — Jl. Contoh No. 27, Sanur",Sanur,-8.693286,115.238579,+6288726854734,Mon–Sun 09:00–21:00,Sen–Min 09.00–21.00,yes,no
SNR-005,"Seed store, Sanur 005","Mock address (seed) — Jl. Contoh No. 68, Sanur",Sanur,-8.712955,115.283187,+6283144747794,Mon–Sun 09:00–21:00,Sen–Min 09.00–21.00,yes,yes
SNR-006,"Seed store, Sanur 006","Mock address (seed) — Jl. Contoh No. 87, Sanur",Sanur,-8.664469,115.279609,+6288616949978,Mon–Sun 09:00–21:00,Sen–Min 09.00–21.00,yes,yes
SNR-007,"Seed store, Sanur 007","Mock address (seed) — Jl. Contoh No. 35, Sanur",Sanur,-8.684094,115.275629,+6285145177192,Mon–Sun 09:00–21:00,Sen–Min 09.00–21.00,yes,yes
SNR-008,"Seed store, Sanur 008","Mock address (seed) — Jl. Contoh No. 80, Sanur",Sanur,-8.699771,115.265759,+6285269001483,Mon–Sun 09:00–21:00,Sen–Min 09.00–21.00,yes,yes
ULW-001,"Seed store, Uluwatu 001","Mock address (seed) — Jl. Contoh No. 28, Uluwatu",Uluwatu,-8.792416,115.105996,+6287181742440,Mon–Sun 09:00–21:00,Sen–Min 09.00–21.00,yes,yes
ULW-002,"Seed store, Uluwatu 002","Mock address (seed) — Jl. Contoh No. 65, Uluwatu",Uluwatu,-8.830341,115.067966,+6286037693698,Mon–Sun 09:00–21:00,Sen–Min 09.00–21.00,yes,yes
ULW-003,"Seed store, Uluwatu 003","Mock address (seed) — Jl. Contoh No. 11, Uluwatu",Uluwatu,-8.818916,115.091846,+6283699276276,Mon–Sun 09:00–21:00,Sen–Min 09.00–21.00,yes,yes
ULW-004,"Seed store, Uluwatu 004","Mock address (seed) — Jl. Contoh No. 22, Uluwatu",Uluwatu,-8.817963,115.073851,+6284876242326,Mon–Sun 09:00–21:00,Sen–Min 09.00–21.00,yes,no
ULW-005,"Seed store, Uluwatu 005","Mock address (seed) — Jl. Contoh No. 43, Uluwatu",Uluwatu,-8.828085,115.10506,+6282917281886,Mon–Sun 09:00–21:00,Sen–Min 09.00–21.00,yes,yes
ULW-006,"Seed store, Uluwatu 006","Mock address (seed) — Jl. Contoh No. 58, Uluwatu",Uluwatu,-8.806608,115.063933,+6283293012885,Mon–Sun 09:00–21:00,Sen–Min 09.00–21.00,yes,yes
ULW-007,"Seed store, Uluwatu 007","Mock address (seed) — Jl. Contoh No. 48, Uluwatu",Uluwatu,-8.819448,115.063433,+6284514907956,Mon–Sun 09:00–21:00,Sen–Min 09.00–21.00,yes,no
ULW-008,"Seed store, Uluwatu 008","Mock address (seed) — Jl. Contoh No. 31, Uluwatu",Uluwatu,-8.790504,115.072163,+6282438460033,Mon–Sun 09:00–21:00,Sen–Min 09.00–21.00,yes,yes
AMD-001,"Seed store, Amed 001","Mock address (seed) — Jl. Contoh No. 63, Amed",Amed,-8.33194,115.68846,+6282233646885,Mon–Sun 09:00–21:00,Sen–Min 09.00–21.00,yes,yes
AMD-002,"Seed store, Amed 002","Mock address (seed) — Jl. Contoh No. 64, Amed",Amed,-8.367357,115.688511,+6287088050100,Mon–Sun 09:00–21:00,Sen–Min 09.00–21.00,yes,yes
AMD-003,"Seed store, Amed 003","Mock address (seed) — Jl. Contoh No. 89, Amed",Amed,-8.345616,115.661347,+6282899735300,Mon–Sun 09:00–21:00,Sen–Min 09.00–21.00,yes,no
AMD-004,"Seed store, Amed 004","Mock address (seed) — Jl. Contoh No. 73, Amed",Amed,-8.357762,115.687517,+6283477072549,Mon–Sun 09:00–21:00,Sen–Min 09.00–21.00,yes,yes
AMD-005,"Seed store, Amed 005","Mock address (seed) — Jl. Contoh No. 66, Amed",Amed,-8.354377,115.669476,+6281752499863,Mon–Sun 09:00–21:00,Sen–Min 09.00–21.00,yes,yes
AMD-006,"Seed store, Amed 006","Mock address (seed) — Jl. Contoh No. 65, Amed",Amed,-8.31797,115.656317,+6283511360001,Mon–Sun 09:00–21:00,Sen–Min 09.00–21.00,yes,yes
AMD-007,"Seed store, Amed 007","Mock address (seed) — Jl. Contoh No. 42, Amed",Amed,-8.322981,115.663817,+6286623692908,Mon–Sun 09:00–21:00,Sen–Min 09.00–21.00,yes,yes
AMD-008,"Seed store, Amed 008","Mock address (seed) — Jl. Contoh No. 49, Amed",Amed,-8.31286,115.660201,+6281095400255,Mon–Sun 09:00–21:00,Sen–Min 09.00–21.00,yes,no
LVN-001,"Seed store, Lovina 001","Mock address (seed) — Jl. Contoh No. 66, Lovina",Lovina,-8.191516,115.006584,+6281018085586,Mon–Sun 09:00–21:00,Sen–Min 09.00–21.00,yes,yes
LVN-002,"Seed store, Lovina 002","Mock address (seed) — Jl. Contoh No. 19, Lovina",Lovina,-8.184339,115.023652,+6286529742880,Mon–Sun 09:00–21:00,Sen–Min 09.00–21.00,no,yes
LVN-003,"Seed store, Lovina 003","Mock address (seed) — Jl. Contoh No. 83, Lovina",Lovina,-8.181284,115.02318,+6282290586585,Mon–Sun 09:00–21:00,Sen–Min 09.00–21.00,yes,yes
LVN-004,"Seed store, Lovina 004","Mock address (seed) — Jl. Contoh No. 21, Lovina",Lovina,-8.140041,115.02003,+6285251761425,Mon–Sun 09:00–21:00,Sen–Min 09.00–21.00,yes,yes
LVN-005,"Seed store, Lovina 005","Mock address (seed) — Jl. Contoh No. 67, Lovina",Lovina,-8.175415,115.005714,+6282044134264,Mon–Sun 09:00–21:00,Sen–Min 09.00–21.00,yes,yes
LVN-006,"Seed store, Lovina 006","Mock address (seed) — Jl. Contoh No. 36, Lovina",Lovina,-8.153547,115.019415,+6285912446698,Mon–Sun 09:00–21:00,Sen–Min 09.00–21.00,yes,no
LVN-007,"Seed store, Lovina 007","Mock address (seed) — Jl. Contoh No. 49, Lovina",Lovina,-8.177066,115.053365,+6287581679942,Mon–Sun 09:00–21:00,Sen–Min 09.00–21.00,yes,yes
LVN-008,"Seed store, Lovina 008","Mock address (seed) — Jl. Contoh No. 30, Lovina",Lovina,-8.181718,115.058304,+6282570379911,Mon–Sun 09:00–21:00,Sen–Min 09.00–21.00,yes,yes
SGR-001,"Seed store, Singaraja 001","Mock address (seed) — Jl. Contoh No. 73, Singaraja",Singaraja,-8.123596,115.072509,+6282512508820,Mon–Sun 09:00–21:00,Sen–Min 09.00–21.00,yes,yes
SGR-002,"Seed store, Singaraja 002","Mock address (seed) — Jl. Contoh No. 81, Singaraja",Singaraja,-8.102827,115.114229,+6285077951787,Mon–Sun 09:00–21:00,Sen–Min 09.00–21.00,yes,yes
SGR-003,"Seed store, Singaraja 003","Mock address (seed) — Jl. Contoh No. 68, Singaraja",Singaraja,-8.103857,115.087437,+6283117398059,Mon–Sun 09:00–21:00,Sen–Min 09.00–21.00,yes,yes
SGR-004,"Seed store, Singaraja 004","Mock address (seed) — Jl. Contoh No. 10, Singaraja",Singaraja,-8.084391,115.100476,+6287016000121,Mon–Sun 09:00–21:00,Sen–Min 09.00–21.00,yes,no
SGR-005,"Seed store, Singaraja 005","Mock address (seed) — Jl. Contoh No. 14, Singaraja",Singaraja,-8.093722,115.066296,+6284294395127,Mon–Sun 09:00–21:00,Sen–Min 09.00–21.00,yes,yes
SGR-006,"Seed store, Singaraja 006","Mock address (seed) — Jl. Contoh No. 57, Singaraja",Singaraja,-8.103676,115.102488,+6288862150835,Mon–Sun 09:00–21:00,Sen–Min 09.00–21.00,yes,yes
SGR-007,"Seed store, Singaraja 007","Mock address (seed) — Jl. Contoh No. 77, Singaraja",Singaraja,-8.107359,115.063264,+6281836275017,Mon–Sun 09:00–21:00,Sen–Min 09.00–21.00,yes,yes
SGR-008,"Seed store, Singaraja 008","Mock address (seed) — Jl. Contoh No. 59, Singaraja",Singaraja,-8.139761,115.11227,+6288841752277,Mon–Sun 09:00–21:00,Sen–Min 09.00–21.00,yes,no
TBN-001,"Seed store, Tabanan 001","Mock address (seed) — Jl. Contoh No. 58, Tabanan",Tabanan,-8.519805,115.123972,+6284965710447,Mon–Sun 09:00–21:00,Sen–Min 09.00–21.00,yes,yes
TBN-002,"Seed store, Tabanan 002","Mock address (seed) — Jl. Contoh No. 15, Tabanan",Tabanan,-8.535266,115.096369,+6282734289116,Mon–Sun 09:00–21:00,Sen–Min 09.00–21.00,yes,yes
TBN-003,"Seed store, Tabanan 003","Mock address (seed) — Jl. Contoh No. 29, Tabanan",Tabanan,-8.555212,115.102156,+6284393373199,Mon–Sun 09:00–21:00,Sen–Min 09.00–21.00,yes,yes
TBN-004,"Seed store, Tabanan 004","Mock address (seed) — Jl. Contoh No. 68, Tabanan",Tabanan,-8.564436,115.10871,+6285791128982,Mon–Sun 09:00–21:00,Sen–Min 09.00–21.00,yes,yes
TBN-005,"Seed store, Tabanan 005","Mock address (seed) — Jl. Contoh No. 31, Tabanan",Tabanan,-8.566919,115.137839,+6282098478568,Mon–Sun 09:00–21:00,Sen–Min 09.00–21.00,yes,no
TBN-006,"Seed store, Tabanan 006","Mock address (seed) — Jl. Contoh No. 63, Tabanan",Tabanan,-8.554245,115.14247,+6286272501625,Mon–Sun 09:00–21:00,Sen–Min 09.00–21.00,yes,yes
TBN-007,"Seed store, Tabanan 007","Mock address (seed) — Jl. Contoh No. 58, Tabanan",Tabanan,-8.549532,115.102261,+6281181435760,Mon–Sun 09:00–21:00,Sen–Min 09.00–21.00,yes,yes
TBN-008,"Seed store, Tabanan 008","Mock address (seed) — Jl. Contoh No. 36, Tabanan",Tabanan,-8.541445,115.109536,+6286666738924,Mon–Sun 09:00–21:00,Sen–Min 09.00–21.00,yes,yes
KTA-001,"Seed store, Kuta 001","Mock address (seed) — Jl. Contoh No. 33, Kuta",Kuta,-8.720559,115.170601,+6285060976535,Mon–Sun 09:00–21:00,Sen–Min 09.00–21.00,yes,yes
KTA-002,"Seed store, Kuta 002","Mock address (seed) — Jl. Contoh No. 74, Kuta",Kuta,-8.711264,115.169074,+6282515828322,Mon–Sun 09:00–21:00,Sen–Min 09.00–21.00,yes,yes
KTA-003,"Seed store, Kuta 003","Mock address (seed) — Jl. Contoh No. 37, Kuta",Kuta,-8.727261,115.143879,+6286638549711,Mon–Sun 09:00–21:00,Sen–Min 09.00–21.00,yes,yes
KTA-004,"Seed store, Kuta 004","Mock address (seed) — Jl. Contoh No. 15, Kuta",Kuta,-8.742025,115.146147,+6287256664340,Mon–Sun 09:00–21:00,Sen–Min 09.00–21.00,yes,yes
KTA-005,"Seed store, Kuta 005","Mock address (seed) — Jl. Contoh No. 80, Kuta",Kuta,-8.701247,115.175068,+6288410442184,Mon–Sun 09:00–21:00,Sen–Min 09.00–21.00,yes,no
KTA-006,"Seed store, Kuta 006","Mock address (seed) — Jl. Contoh No. 15, Kuta",Kuta,-8.709196,115.191728,+6282282314713,Mon–Sun 09:00–21:00,Sen–Min 09.00–21.00,yes,yes
KTA-007,"Seed store, Kuta 007","Mock address (seed) — Jl. Contoh No. 21, Kuta",Kuta,-8.691047,115.152554,+6284734620055,Mon–Sun 09:00–21:00,Sen–Min 09.00–21.00,yes,yes
KTA-008,"Seed store, Kuta 008","Mock address (seed) — Jl. Contoh No. 54, Kuta",Kuta,-8.693257,115.147214,+6285615701590,Mon–Sun 09:00–21:00,Sen–Min 09.00–21.00,yes,yes
NSD-001,"Seed store, Nusa Dua 001","Mock address (seed) — Jl. Contoh No. 24, Nusa Dua",Nusa Dua,-8.823846,115.231195,+6287087680130,Mon–Sun 09:00–21:00,Sen–Min 09.00–21.00,yes,yes
NSD-002,"Seed store, Nusa Dua 002","Mock address (seed) — Jl. Contoh No. 82, Nusa Dua",Nusa Dua,-8.820564,115.265362,+6282125000771,Mon–Sun 09:00–21:00,Sen–Min 09.00–21.00,yes,yes
NSD-003,"Seed store, Nusa Dua 003","Mock address (seed) — Jl. Contoh No. 50, Nusa Dua",Nusa Dua,-8.829444,115.23591,+6287871939290,Mon–Sun 09:00–21:00,Sen–Min 09.00–21.00,yes,yes
NSD-004,"Seed store, Nusa Dua 004","Mock address (seed) — Jl. Contoh No. 38, Nusa Dua",Nusa Dua,-8.813799,115.215632,+6283184364170,Mon–Sun 09:00–21:00,Sen–Min 09.00–21.00,yes,yes
NSD-005,"Seed store, Nusa Dua 005","Mock address (seed) — Jl. Contoh No. 26, Nusa Dua",Nusa Dua,-8.829026,115.256193,+6282758995474,Mon–Sun 09:00–21:00,Sen–Min 09.00–21.00,yes,yes
NSD-006,"Seed store, Nusa Dua 006","Mock address (seed) — Jl. Contoh No. 85, Nusa Dua",Nusa Dua,-8.811911,115.22586,+6286669935445,Mon–Sun 09:00–21:00,Sen–Min 09.00–21.00,yes,yes
NSD-007,"Seed store, Nusa Dua 007","Mock address (seed) — Jl. Contoh No. 64, Nusa Dua",Nusa Dua,-8.796413,115.234756,+6284329095999,Mon–Sun 09:00–21:00,Sen–Min 09.00–21.00,yes,no
NSD-008,"Seed store, Nusa Dua 008","Mock address (seed) — Jl. Contoh No. 36, Nusa Dua",Nusa Dua,-8.819311,115.254007,+6288857814997,Mon–Sun 09:00–21:00,Sen–Min 09.00–21.00,yes,yes
GNY-001,"Seed store, Gianyar 001","Mock address (seed) — Jl. Contoh No. 32, Gianyar",Gianyar,-8.560222,115.350719,+6283465400581,Mon–Sun 09:00–21:00,Sen–Min 09.00–21.00,yes,yes
GNY-002,"Seed store, Gianyar 002","Mock address (seed) — Jl. Contoh No. 73, Gianyar",Gianyar,-8.568198,115.350266,+6285880588113,Mon–Sun 09:00–21:00,Sen–Min 09.00–21.00,yes,yes
GNY-003,"Seed store, Gianyar 003","Mock address (seed) — Jl. Contoh No. 13, Gianyar",Gianyar,-8.547306,115.335408,+6281852211361,Mon–Sun 09:00–21:00,Sen–Min 09.00–21.00,yes,yes
GNY-004,"Seed store, Gianyar 004","Mock address (seed) — Jl. Contoh No. 47, Gianyar",Gianyar,-8.536059,115.336678,+6286610295153,Mon–Sun 09:00–21:00,Sen–Min 09.00–21.00,yes,yes
GNY-005,"Seed store, Gianyar 005","Mock address (seed) — Jl. Contoh No. 20, Gianyar",Gianyar,-8.560848,115.334787,+6284338209475,Mon–Sun 09:00–21:00,Sen–Min 09.00–21.00,yes,no
GNY-006,"Seed store, Gianyar 006","Mock address (seed) — Jl. Contoh No. 52, Gianyar",Gianyar,-8.551276,115.297,+6287447136188,Mon–Sun 09:00–21:00,Sen–Min 09.00–21.00,yes,yes
GNY-007,"Seed store, Gianyar 007","Mock address (seed) — Jl. Contoh No. 52, Gianyar",Gianyar,-8.536347,115.332319,+6288422363091,Mon–Sun 09:00–21:00,Sen–Min 09.00–21.00,yes,yes
GNY-008,"Seed store, Gianyar 008","Mock address (seed) — Jl. Contoh No. 83, Gianyar",Gianyar,-8.549178,115.348649,+6287070769266,Mon–Sun 09:00–21:00,Sen–Min 09.00–21.00,yes,yes
KKG-001,"Seed store, Karangasem 001","Mock address (seed) — Jl. Contoh No. 68, Karangasem",Karangasem,-8.425469,115.584346,+6281397029257,Mon–Sun 09:00–21:00,Sen–Min 09.00–21.00,yes,yes
KKG-002,"Seed store, Karangasem 002","Mock address (seed) — Jl. Contoh No. 24, Karangasem",Karangasem,-8.429551,115.612384,+6284394584915,Mon–Sun 09:00–21:00,Sen–Min 09.00–21.00,yes,yes
KKG-003,"Seed store, Karangasem 003","Mock address (seed) — Jl. Contoh No. 78, Karangasem",Karangasem,-8.409302,115.602708,+6285624167829,Mon–Sun 09:00–21:00,Sen–Min 09.00–21.00,yes,no
KKG-004,"Seed store, Karangasem 004","Mock address (seed) — Jl. Contoh No. 28, Karangasem",Karangasem,-8.409471,115.625801,+6286956683891,Mon–Sun 09:00–21:00,Sen–Min 09.00–21.00,yes,yes
KKG-005,"Seed store, Karangasem 005","Mock address (seed) — Jl. Contoh No. 13, Karangasem",Karangasem,-8.440857,115.619043,+6281343153740,Mon–Sun 09:00–21:00,Sen–Min 09.00–21.00,yes,yes
KKG-006,"Seed store, Karangasem 006","Mock address (seed) — Jl. Contoh No. 47, Karangasem",Karangasem,-8.418699,115.634247,+6288964685397,Mon–Sun 09:00–21:00,Sen–Min 09.00–21.00,yes,yes
KKG-007,"Seed store, Karangasem 007","Mock address (seed) — Jl. Contoh No. 37, Karangasem",Karangasem,-8.408299,115.62725,+6283237024310,Mon–Sun 09:00–21:00,Sen–Min 09.00–21.00,yes,yes
KKG-008,"Seed store, Karangasem 008","Mock address (seed) — Jl. Contoh No. 46, Karangasem",Karangasem,-8.444672,115.596504,+6282794796903,Mon–Sun 09:00–21:00,Sen–Min 09.00–21.00,yes,yes
NGR-001,"Seed store, Negara 001","Mock address (seed) — Jl. Contoh No. 45, Negara",Negara,-8.342212,114.620469,+6287933842476,Mon–Sun 09:00–21:00,Sen–Min 09.00–21.00,yes,yes
NGR-002,"Seed store, Negara 002","Mock address (seed) — Jl. Contoh No. 83, Negara",Negara,-8.345189,114.608881,+6281155936977,Mon–Sun 09:00–21:00,Sen–Min 09.00–21.00,yes,no
NGR-003,"Seed store, Negara 003","Mock address (seed) — Jl. Contoh No. 26, Negara",Negara,-8.354236,114.626911,+6288524511877,Mon–Sun 09:00–21:00,Sen–Min 09.00–21.00,yes,no
NGR-004,"Seed store, Negara 004","Mock address (seed) — Jl. Contoh No. 52, Negara",Negara,-8.379376,114.587203,+6288451882600,Mon–Sun 09:00–21:00,Sen–Min 09.00–21.00,yes,no
NGR-005,"Seed store, Negara 005","Mock address (seed) — Jl. Contoh No. 12, Negara",Negara,-8.385041,114.630383,+6284382641475,Mon–Sun 09:00–21:00,Sen–Min 09.00–21.00,yes,no
NGR-006,"Seed store, Negara 006","Mock address (seed) — Jl. Contoh No. 83, Negara",Negara,-8.332408,114.642953,+6282157103248,Mon–Sun 09:00–21:00,Sen–Min 09.00–21.00,no,no
NGR-007,"Seed store, Negara 007","Mock address (seed) — Jl. Contoh No. 18, Negara",Negara,-8.374224,114.587068,+6281882190769,Mon–Sun 09:00–21:00,Sen–Min 09.00–21.00,yes,yes
NGR-008,"Seed store, Negara 008","Mock address (seed) — Jl. Contoh No. 39, Negara",Negara,-8.329861,114.631106,+6288719979782,Mon–Sun 09:00–21:00,Sen–Min 09.00–21.00,yes,yes
