stock_number,title_en,title_id,original_title,object_type,makers,date_display,date_from,date_to,date_precision,places,technique,colour,image_h_mm,image_w_mm,sheet_h_mm,sheet_w_mm,grade,condition_notes_en,condition_notes_id,description_en,description_id,subjects,references,location,status,asking_price,asking_currency,legacy_id,legacy_url,image_files
M.0004,South East Asia,,"INDIAE ORIENTALIS, INSULARUMQVE ADIACENTI: VM TY: PVS",map,Abraham Ortelius | cartographer | attributed,,1587,,exact,,,,372,485,,,VG+,,,,,,,singapore,sold,,,2,https://www.antiquemapsindonesia.com/product/2-indiae-orientalis,images/2-5.jpg
P.0035,Pride of India / Bunga Bungur,,Lagerstroemia Regia. roxb.,print,Berthe Hoola van Nooten | artist | attributed,,1863,,exact,Holland,,,550,392,,,VG+,,,,,,,singapore,available,,,52,https://www.antiquemapsindonesia.com/product/52-lagerstroemia-regia-lithograph-year-1863,images/52-206.jpg
M.orderr,Abel Tasman Journey - Australia,,KAART der Reyse van ABEL TASMAN volgens fyn eygen opftel.,map,Francois Valentyn | cartographer | attributed,,1724,1726,range,Amsterdam,,,315,475,,,VG+,,,,,,,singapore,sold,,,107,https://www.antiquemapsindonesia.com/product/107-abel-tasman-journey-1724-26,images/107-113.jpg
P.0039,Jack Tree / Jackfruit,,Jackfruit,print,Berthe Hoola van Nooten | artist | attributed,,1863,,exact,Holland,,,550,392,,,VG+,,,,,,,singapore,sold,,,156,https://www.antiquemapsindonesia.com/product/156-jackfruit-breadfruit,images/156-187.jpg
P.0104,The new Governor-General Palace in the Koningsplein Batavia,,Paleis van de gouverneur-generaal aan het Koningsplein,print,J.C. Rappard | artist | attributed,,1883,,exact,Leiden,,,175,235,,,VG+,,,,,,,singapore,available,,,200,https://www.antiquemapsindonesia.com/product/200-presidential-palace-in-jakarta-merdeka-palace,images/200-292.jpg
P.0137,"Mountain Road around Buitenzorg, Bogor",,Weg in Bergterein,print,J.C. Rappard | artist | attributed,,1883,,exact,Leiden,,,175,235,,,VG+,,,,,,,singapore,available,,,239,https://www.antiquemapsindonesia.com/product/239-mountain-road-around-buitenzorg-bogor,images/239-310.jpg
P.0174,Rice Harvest in Java,,Rijstoogst,print,J.C. Rappard | artist | attributed,,1883,,exact,Leiden,,,175,235,,,VG+,,,,,,,singapore,available,,,277,https://www.antiquemapsindonesia.com/product/277-rice-harvest-in-java,images/277-347.jpg
P.0190,Floating House on the Barito River,,,print,J.C. Rappard | artist | attributed,,1883,,exact,Leiden,,,175,235,,,VG,,,,,,,singapore,available,,,319,https://www.antiquemapsindonesia.com/product/319-floating-house-on-the-barito-river,images/319-395.jpg
M.L377,Malay Theatre Troupe,,,photograph,,,1870,,circa,Penang,,,205,275,,,VG,,,,,,,singapore,available,,,377,https://www.antiquemapsindonesia.com/product/377-malay-theatre-troupe,images/377-491.jpg
M.L422,Set of Brazil prints - 1835,,Aquatint prints of Brazil,print,,,1835,,exact,Paris,,,,,,,VG,,,,,,,singapore,available,,,422,https://www.antiquemapsindonesia.com/product/422-set-of-brazil-prints-1835,images/422-564.jpg;images/422-565.jpg
M.0386,Ancient Map of the World (woodblock),,Typus Universalis Terrae Iuxta Modernorum Distinctionem Et Extensionem Per Regna Et Provinciae fol. 1348,map,Peter Apian | cartographer | attributed,,1544,,exact,Antwerp,,,214,291,,,VG+,,,,,,,singapore,available,,,477,https://www.antiquemapsindonesia.com/product/477-woodblock-world-map-year-1544,images/477-622.jpg
M.6018,The Malay Archipelago - English Map,,The Malay Archipelago or East India Islands,map,John Tallis | cartographer | attributed,,1851,,exact,London,,,270,360,,,VG+,,,,,,,singapore,available,,,527,https://www.antiquemapsindonesia.com/product/527-malay-archipelago-english-map-1851,images/527-702.jpg
M.L574,"Hummingbird Print - Paris, 1830 (13)",,"Le Saphir, Femelle / Hummingbird Print",print,Arthus Bertrand | artist | attributed,,1830,,exact,Paris,,,150,210,,,VG+,,,,,,,singapore,available,,,574,https://www.antiquemapsindonesia.com/product/574-le-saphir-femelle,images/574-793.jpg;images/574-794.jpg;images/574-928.jpg
P.0842,"Hummingbird Print - Paris, 1830 (41)",,"Le Saphir - Emeraude , Jeune Male.",print,Arthus Bertrand | artist | attributed,,1830,,exact,Paris,,,,,250,160,VG,,,,,,,singapore,available,,,620,https://www.antiquemapsindonesia.com/product/620-hummingbird-print-paris-1830-41,images/620-856.jpg;images/620-857.jpg
P.0887,On a Head Hunting Tour. Borneo,,On a Head Hunting Tour. Borneo Antique Print 1881,print,Carl Bock | artist | attributed,,1881,,exact,London,,,,,,,VG,Study images carefully.,,,,,,singapore,available,,,667,https://www.antiquemapsindonesia.com/product/667-on-a-head-hunting-tour-borneo,images/667-940.jpg
P.0894,"Sinen, The Hermaphrodite Tiger - Hunter . Borneo Dayak",,"Sinen, The Hermaphrodite Tiger",print,Carl Bock | artist | attributed,,1881,,exact,London,,,,,,,G+,Study image carefully,,,,,,singapore,available,,,709,https://www.antiquemapsindonesia.com/product/709-sinen-the-hermaphrodite-tiger-hunter-borneo-dayak,images/709-990.jpg
P.1180,"Abhimanjoe, Wayang Figure Java",,"Abhimanjoe, Wayang Java Figure",print,R. Soelardi | artist | attributed,,1900,,circa,Batavia,,,285,220,,,VG,Study images carefully.,,,,,,singapore,available,,,746,https://www.antiquemapsindonesia.com/product/746-abhimanjoe-wayang-figure-java,images/746-1030.jpg;images/746-1031.jpg
P.0243,Tropical Fishes - Moluccas Indonesia (12),,Tropical Fishes - Moluccas Indonesia,print,Francois Valentyn | artist | attributed,,1724,,exact,Amsterdam,,,330,205,,,G+,Study image carefully,,,,,,singapore,available,,,783,https://www.antiquemapsindonesia.com/product/783-tropical-fishes-moluccas-indonesia-12,images/783-1068.jpg
P.0284,Tropical Fishes - Moluccas Indonesia (46),,Tropical Fishes - Moluccas Indonesia,print,Francois Valentyn | artist | attributed,,1724,,exact,Amsterdam,,,330,205,,,G+,Study image carefully,,,,,,singapore,available,,,822,https://www.antiquemapsindonesia.com/product/822-tropical-fishes-moluccas-indonesia-46,images/822-1108.jpg
P.1203,"Village in Ceram, Indonesia",,Het Dorp Waroe-Waroe op Ceram.,print,,,1883,,exact,The Netherlands,,,,,,,VG,Study images carefully.,,,,,,singapore,available,,,859,https://www.antiquemapsindonesia.com/product/859-village-in-ceram-indonesia,images/859-1148.jpg
P.1241,Prince of Mangkoe Negoro,,Prins Mangkoe Ngoro,print,,,1883,,exact,The Netherlands,,,219,150,,,VG,Study images carefully.,,,,,,singapore,available,,,897,https://www.antiquemapsindonesia.com/product/897-prince-of-mangkoe-negoro,images/897-1189.jpg
P.0856,Tools of the Friendly Islands by Captain Cook,,Gereedschappen van de Bewooneren van de Vrienden-Eilanden - by Captain Cook,print,James Cook (Captain) | artist | attributed,,1795,,circa,Amsterdam,,,,,,,As-is,,,,,,,singapore,available,,,937,https://www.antiquemapsindonesia.com/product/937-tools-of-the-friendly-islands-by-captain-cook,images/937-1230.jpg
P.0517,China Pearl Trade River in Canton,,Ile du Tigre et Batteries de Bocca-Tigris - Pearl River in China Canton,print,Laplace La Favorite | artist | attributed,,1835,,exact,Paris,,,320,470,,,G+,Study image carefully,,,,,,singapore,available,,,979,https://www.antiquemapsindonesia.com/product/979-china-pearl-trade-river-in-canton,images/979-1278.jpg
P.1551,Bali Hotel Poster by Willem Hofker,,Charming & Beautiful Bali - Bali Hotel by Willem Hofker,poster,Willem G. Hofker | artist | attributed,,1948,,exact,,,,750,450,,,VG+,,,,,,,singapore,sold,,,1018,https://www.antiquemapsindonesia.com/product/1018-bali-hotel-poster-by-willem-hofker,images/1018-1340.jpg
M.0443,Map of Indonesia and Ternate Cloves Islands,,"Carte des Isles de la Sonde, et des Isles Moluques",map,Rigobert Bonne | cartographer | attributed,,1773,,exact,Paris,,,230,320,,,VG+,,,,,,,singapore,available,,,1055,https://www.antiquemapsindonesia.com/product/1055-map-of-indonesia-and-ternate-cloves-islands,images/1055-1399.jpg
M.0856,Chinese Celestial Map,,Suzhou Planisphere or Tianwen tu (天文圖) Chinese celestial map,map,Huang Shang | cartographer | attributed,,1493,1602,range,China,,,,,,,VG,,,,,,,singapore,available,,,1093,https://www.antiquemapsindonesia.com/product/1093-chinese-celestial-map-ca-1493,images/1093-1436.jpg
P.1642,Caladium Pictum Leave,,,print,,first edition,1860,,exact,London,,,250,160,,,VG,,,,,,,singapore,available,,,1132,https://www.antiquemapsindonesia.com/product/1132-caladium-pictum-leave,images/1132-1477.jpg
P.0326,Butterfly prints - Tafel VIII,,Tafel VIII,print,,,,,,,,,235,175,,,G,,,,,,,singapore,available,,,1170,https://www.antiquemapsindonesia.com/product/1170-butterfly-prints-tafel-viii,images/1170-1530.jpg
B.0018,Marnix Van St.Aldegonde-Nederland Line Deck Plan-1938,,Marnix van St. Aldegonde,book,,,1938,,exact,Amsterdam,,,680,580,,,VG,Study images carefully.,,,,,,singapore,available,,,1207,https://www.antiquemapsindonesia.com/product/1207-marnix-van-staldegonde-nederland-line-deck-plan-1938,images/1207-1567.jpg;images/1207-1568.jpg;images/1207-1569.jpg;images/1207-1570.jpg
P.1821,Sea Hibiscus or Hibiscus Tiliaceus,,Sea Hibiscus or Hibiscus Tiliaceus from Hortus Malabaricus,print,Hendrik Adriaan van Rheede tot Drakenstein | artist | attributed,,1693,,exact,Amsterdam,,,360,480,,,VG,,,,,,,singapore,available,,,1245,https://www.antiquemapsindonesia.com/product/1245-sea-hibiscus-or-hibiscus-tiliaceus-year-1693,images/1245-1634.jpg
M.0491,"Northern and Southern Philippines, Carte Des Isles Philipines ( set of 2 maps )",,Carte Des Isles Philippines Dressee sur la Carte Espagnole / Carte Des Isles Philippines,map,Jacques Nicolas Bellin | cartographer | attributed,,1757,,circa,Paris,,,,,,,VG+,,,,,,,singapore,available,,,1302,https://www.antiquemapsindonesia.com/product/1302-northern-and-southern-philippines-carte-des-isles-philipines-year-1757-set-of-2-maps-,images/1302-1742.jpg;images/1302-1743.jpg
M.0496,"Cluverius - Asia Antiqua et Nova, Asia Map",,Asia Antiqua et Nova,map,Pauli | cartographer | attributed,,1697,,exact,Amsterdam,,,230,280,,,G+,,,,,,,singapore,available,,,1356,https://www.antiquemapsindonesia.com/product/1356-cluverius-asia-antiqua-et-nova-asia-map,images/1356-1852.jpg
P.1972,De Rivier Brantas als bergstroom: Residentie Pasoroean,,,print,Abraham Salm | artist | attributed,,1872,,circa,,,,,,640,480,G+,,,,,,,singapore,available,,,1393,https://www.antiquemapsindonesia.com/product/1393-de-rivier-brantas-als-bergstroom-residentie-pasoroean,images/1393-1901.jpg
P.2035,Aristoloches Plant,,Famille dea Aristoloches . L'Aristoloche Serpentaire.,print,Brisseau de Mirbel | artist | attributed,,1795,,circa,Paris,,,200,130,,,VG,,,,,,,singapore,available,,,1430,https://www.antiquemapsindonesia.com/product/1430-aristoloches-plant-ca-1795,images/1430-1938.jpg
P.2073,Justicia Adhatoda Plant,,Famille Des Acanthacées. Carmantine Adathode ( Justicia Adhatoda ),print,Brisseau de Mirbel | artist | attributed,,1795,,circa,Paris,,,200,130,,,VG,,,,,,,singapore,available,,,1469,https://www.antiquemapsindonesia.com/product/1469-justicia-adhatoda-plant-ca-1795,images/1469-1976.jpg
P.1901,"Sea Elephants Australia, Nouvelle Hollande, l'Elephant Marin from the Nicolas Baudin Expedition",,Nouvelle - Hollande : Ile King.,print,Charles Alexander Lesueur | artist | attributed,,1811,,exact,Paris,,,250,320,,,VG,,,,,,,singapore,available,,,1509,https://www.antiquemapsindonesia.com/product/1509-sea-elephants-australia-nouvelle-hollande-lelephant-marin-from-the-nicolas-baudin-expedition,images/1509-2028.jpg
P.0229,"Moluccas Islands Indonesia Women, Eine Molukkin",,"Eine Molukkin, Moluccas Islands Indonesia Women wearing a traditional costume",print,,,1790,,circa,Germany,,,210,140,,,VG,,,,,,,singapore,available,,,1552,https://www.antiquemapsindonesia.com/product/1552-moluccas-islands-indonesia-women-eine-molukkin,images/1552-2116.jpg
P.2133,Woman from Bali by Willem G. Hofker,,Woman from Bali,print,Willem G. Hofker | artist | attributed,,1946,,circa,,,,320,230,,,VG+,,,,,,,singapore,available,,,1590,https://www.antiquemapsindonesia.com/product/1590-woman-from-bali-by-willem-g-hofker,images/1590-2159.jpg
P.2271,"Javanese Dance, 66. Sarimpi Dans",,,print,,,1925,,circa,Amsterdam,,,190,250,,,VG,,,,,,,singapore,available,,,1627,https://www.antiquemapsindonesia.com/product/1627-javanese-dance-66-sarimpi-dans,images/1627-2203.jpg
B.0031,The Malay Archipelago - Alfred Russel Wallace,,The Malay Archipelago,book,Alfred Russel Wallace | author | attributed,,1872,,exact,London,,,195,140,,,G+,Study images carefully,,,,,,singapore,available,,,1664,https://www.antiquemapsindonesia.com/product/1664-the-malay-archipelago-alfred-russel-wallace-rare-3rd-edition,images/1664-2241.jpg;images/1664-2242.jpg;images/1664-2243.jpg;images/1664-2244.jpg
M.0232,"Map of Florida, the Gulf Coast and the Caribbean, Scheeps-Togt door Rodrigue de Bastides",,"Scheeps-Togt door Rodrigue de Bastides en P. Alvares Plomina uyt de Haven van St. Domingo op Hispaniola, Gedaan na St. Martha""",map,Pieter van der Aa | cartographer | attributed,,1700,,circa,Leiden,,,150,250,,,VG,,,,,,,singapore,available,,,1701,https://www.antiquemapsindonesia.com/product/1701-map-of-florida-the-gulf-coast-and-the-caribbean-scheeps-togt-door-rodrigue-de-bastides,images/1701-2281.jpg
P.2320,"View from Govt House, Antique Photograph of Singapore, owned and described by Sir Frederick Weld",,,photograph,Sir Frederick Aloysius Weld | photographer | attributed,,1880,,exact,Singapore,,,,,,,G,,,,,,,singapore,available,,,1741,https://www.antiquemapsindonesia.com/product/1741-view-from-govt-house-antique-photograph-of-singapore-owned-and-described-by-sir-frederick-weld,images/1741-2359.jpg;images/1741-2360.jpg;images/1741-2361.jpg;images/1741-2362.jpg
P.2386,Antique Print of Bedhaya dance with Gamelan on Java by P.A Van Der Lith,,Bedajas met Gamelan - Begeleiding,print,P.A. van der Lith | artist | attributed,,1875,,exact,Amsterdam,,,175,235,,,VG,,,,,,,singapore,sold,,,1782,https://www.antiquemapsindonesia.com/product/1782-antique-print-of-bedhaya-dance-with-gamelan-on-java-year-1875-by-pa-van-der-lith,images/1782-2482.jpg
P.2396,"The Hippo, Hippopotame Amphibie by Charles d'Orbigny",,"Ordre Pachyderms. Hippopotame Amphibie. ( Hippopotamus Amphibius, Linn )",print,Charles d'Orbigny | artist | attributed,,1849,,exact,Paris,,,150,240,,,VG,,,,,,,singapore,available,,,1819,https://www.antiquemapsindonesia.com/product/1819-the-hippo-hippopotame-amphibie-by-charles-dorbigny,images/1819-2520.jpg
P.2440,"The Kinkajou and Otter, Kinkajou & Loutre by Charles d'Orbigny",,"The Kinkajou and Otter, Kinkajou & Loutre",print,Charles d'Orbigny | artist | attributed,,1849,,exact,Paris,,,240,150,,,VG,,,,,,,singapore,available,,,1858,https://www.antiquemapsindonesia.com/product/1858-the-kinkajou-and-otter-kinkajou-loutre-by-charles-dorbigny,images/1858-2557.jpg
P.2483,"Inhabitants from India and North America, Soorjo Coomar Chucherbutty by Charles d'Orbigny",,"1. Soorjo Coomar Chucherbutty age de 20 ans, ne a Vicrompoord, dans le district de decca au Bengale. 2. Le même vu de face.",print,Charles d'Orbigny | artist | attributed,,1849,,exact,Paris,,,240,150,,,VG,,,,,,,singapore,available,,,1897,https://www.antiquemapsindonesia.com/product/1897-inhabitants-from-india-and-north-america-soorjo-coomar-chucherbutty-by-charles-dorbigny,images/1897-2596.jpg
P.2774,"Green Crab, Lupee pélagien by Charles d'Orbigny",,Lupee pélagien / Lupa Pelagica,print,Charles d'Orbigny | artist | attributed,,1849,,exact,Paris,,,155,245,,,VG+,,,,,,,singapore,available,,,1934,https://www.antiquemapsindonesia.com/product/1934-green-crab-lupee-pelagien-by-charles-dorbigny-year-1849,images/1934-2634.jpg
P.2761,"Aquatic snails, Bulime de Mender by Charles d'Orbigny",,Bulime de Mender / Bulimus Mendorensis. Bulime burine / Bulimus signatus,print,Charles d'Orbigny | artist | attributed,,1849,,exact,Paris,,,245,155,,,VG,Study images carefully.,,,,,,singapore,available,,,1973,https://www.antiquemapsindonesia.com/product/1973-aquatic-snails-bulime-de-mender-by-charles-dorbigny-year-1849,images/1973-2672.jpg
P.2128,"Batavia City View, Prospect von der Bastion Gelderland ausserhalb der Stadt Batavia by Francois Xavier Habermann",,"Batavia City View, Prospect von der Bastion Gelderland ausserhalb der Stadt Batavia",print,Francois Xavier Habermann | artist | attributed,,1770,,exact,Augsburg,,,310,460,,,G+,Study images carefully,,,,,,singapore,available,,,2013,https://www.antiquemapsindonesia.com/product/2013-batavia-city-view-prospect-von-der-bastion-gelderland-ausserhalb-der-stadt-batavia-by-francois-xavier-habermann,images/2013-2717.jpg
P.2863,"Bird of Paradise by Conrad Gesner, Antique print",,Bird of paradise from Conrad Gessner’s Historiae Animalium (1551-58),print,,,1558,,circa,Zurich,,,350,250,,,VG+,,,,,,,singapore,available,,,2050,https://www.antiquemapsindonesia.com/product/2050-bird-of-paradise-by-conrad-gesner-antique-print-year-1551-58,images/2050-2754.jpg
